Segment ID,Roadway Name,From,To,segment_average_sum
202,Main Street,Hoover Avenue,82 Drive,11459
646,ARTHUR KILL ROAD,WINANT PLACE,MANLEY STREET,6812
1416,BLOOMINGDALE ROAD,RAMONA AVENUE,HARGOLD AVENUE,9505
1421,BLOOMINGDALE ROAD,RAMONA AVENUE,SONIA COURT,10024
1883,FOSTER ROAD,RAMONA AVENUE,RATHBUN AVENUE,9587
1884,FOSTER ROAD,RAMONA AVENUE,RATHBUN AVENUE,10486
1885,FOSTER ROAD,RAMONA AVENUE,RATHBUN AVENUE,9817
1886,FOSTER ROAD,RAMONA AVENUE,RATHBUN AVENUE,9487
2147,HUGUENOT AVENUE,RATHBUN AVENUE,RAMONA AVENUE,10929
2153,HUGUENOT AVE,WOODROW RD,STAFFORD AVE,10385
2367,ARTHUR KILL ROAD,MAZZA COURT,KRISSA COURT,13352
2369,ARTHUR KILL ROAD,CARLYLE GREEN,KRISSA COURT,13168
2760,WOODROW ROAD,DELMAR AVENUE,EVERTON AVENUE,4796
2870,WOODROW ROAD,BELFIELD AVENUE,EVERTON AVENUE,7569
2930,AMBOY ROAD,ROSE LANE,COLON STREET,NA
2933,AMBOY ROAD,ROSE LANE,ARBUTUS AVENUE,10415
2984,DRUMGOOLE ROAD WEST,LAMONT AVENUE,HEENAN AVENUE,1979
3017,ARDEN AVENUE,STAFFORD AVENUE,SINCLAIR AVENUE,14220
3115,ARDEN AVENUE,SINCLAIR AVENUE,SHELDON AVENUE,11090
3720,AMBOY ROAD,PRESTON AVENUE,BAMBERGER LANE,13826
4232,DRUMGOOLE ROAD EAST,BARLOW AVENUE,MONTEREY AVENUE,1646
4234,ANNADALE ROAD,LADD AVENUE,BERRY AVENUE,3687
4237,ANNADALE ROAD,WATKINS AVENUE,BERRY AVENUE,3659
4297,BARLOW AVENUE,POMPEY AVENUE,DRUMGOOLE ROAD EAST,724
4340,4th Ave,Senator St,68th St,14371
4832,VICTORY BOULEVARD,DINSMORE STREET,SIGNS ROAD,10319
4853,TRAVIS AVENUE,MULBERRY AVENUE,PARK DRIVE NORTH,12893
4876,VICTORY BOULEVARD,GRAHAM AVENUE,DINSMORE STREET,NA
5520,RICHMOND AVENUE,AKRON STREET,JARDINE AVENUE,NA
6644,RICHMOND HILL ROAD,EDINBORO ROAD,FOREST HILL ROAD,16692
7431,RICHMOND ROAD,NADINE STREET,BISHOP STREET,13974
7453,Richmond Road,Morley Avenue,Rockland Avenue,14393
7564,MORLEY AVENUE,DALTON  AVENUE,EBONY STREET,13147
7886,WILLOWBROOK ROAD,SENECA LOOP,COLLFIELD AVENUE,1775
8070,ROCKLAND AVENUE,MANOR ROAD,BRIELLE AVENUE,15748
8119,BRADLEY AVENUE,HOLDEN BOULEVARD,QUEEN STREET,11082
8152,BRIELLE AVENUE,SUFFOLK AVENUE,LIVINGSTON AVENUE,6879
8288,RICHMOND AVENUE,HILLMAN AVENUE,AKRON STREET,24067
8494,Forest Ave,Eunice Place,Simonson Ave,NA
9661,POST AVENUE,GREENLEAF AVENUE,DRIPROCK STREET,NA
9788,Forest Ave,Raymond Place,Manor Rd,NA
9896,RICHMOND TERRACE,WRIGHT AVENUE,EMERIC COURT,12907
9922,Richmond Ter,Houseman Ave,Wright Ave,NA
10143,CASTLETON AVENUE,RECTOR STREET,JEWETT AVENUE,NA
10164,Richmond Terrace,Rector Street,Jewett Avenue,14080
10188,CASTLETON AVENUE,CLOVE ROAD,RECTOR STREET,11881
10196,Richmond Ter,Clove Rd,Rector St,NA
10335,AMBOY ROAD,DALE AVENUE,BISHOP STREET,14885
11273,MANOR RD,LINCOLN ST,CROAK AVE,NA
11362,TODT HILL RD,TILLMAN ST,LINCOLN ST,NA
11449,OCEAN TERRACE,TIBER PLACE,DENOBLE LANE,NA
11599,OCEAN TERRACE,BUTTERWORTH AVENUE,COVERLY AVENUE,6802
12198,TARGEE ST,NAPLES ST,VENICE ST,NA
12215,TARGEE STREET,HAY STREET,NAPLES STREET,13099
12370,MANOR RD,SCHMIDTS LA,WESTWOOD AVE,NA
12806,Milford Drive,Ocean Terrace,Renwick Avenue,7545
12809,LITTLE CLOVE ROAD,NORTHERN BOULEVARD,BRISTOL AVENUE,NA
12829,VICTORY BOULEVARD,CYPRESS AVENUE,MARX STREET,NA
12832,VICTORY BOULEVARD,MARX STREET,RENWICK AVENUE,13948
12945,LITTLE CLOVE RD,CAYUGA AVENUE,RENWICK AVENUE,6310
12946,OCEAN TERRACE,WITTEMAN PLACE,MILFORD DRIVE,5541
13103,Little Clove Road,Cayuga Avenue,Seneca Avenue,4990
13120,NARROWS ROAD NORTH,CLOVE ROAD,LITTLE CLOVE ROAD,13562
13133,CLOVE RD,HOWARD AVENUE,LITTLE CLOVE ROAD,31342
13277,Richmond Rd,Baltic Ave,Roosevelt St,NA
14422,HYLAN BOULEVARD,NARROWS ROAD SOUTH,OLGA PLACE,9231
14602,HYLAN BOULEVARD,FINGERBOARD ROAD,RODERICK AVENUE,6946
14723,NARROWS ROAD SOUTH,HASTINGS STREET,GARSON AVENUE,NA
15047,CLOVE RD,NECKAR AVE,WESER AVE,NA
15540,BEACH STREET,UNION PLACE,VAN DUZER STREET,NA
15542,VAN DUZER STREET,BEACH STREET,WRIGHT STREET,NA
15741,BAY ST,CLINTON ST,BALTIC ST,NA
17319,86 STREET,7 AVENUE,14 AVENUE,22927
17414,7 Avenue,68 Street,67 Street,4227
17457,Shore Rd,68 St,Bay Ridge Ave,2425
17642,3 Avenue,Senator Street,68 Street,9916
17652,4 AVENUE,68 STREET,SENATOR STREET,17452
17737,65 STREET,5 AVENUE,6 AVENUE,5288
18562,Shore Pkwy,19 Ave,20 Ave,1279
18635,CROPSEY AVE,BAY 22nd ST,BAY 23rd ST,10873
18641,BATH AVE,BAY 22nd ST,BAY 23rd ST,8537
18653,BENSON AVE,19th AVE,BAY 20th ST,2022
18655,Benson Avenue,19 Avenue,Bay 22 Street,1781
18846,SHORE PKWY,BAY 46th ST,27th AVE,425
18852,SHORE PARKWAY,25 AVENUE,BAY 41 STREET,2718
19163,Stillwell Avenue,28 Avenue,Avenue W,7723
19174,Stillwell Ave,Bay 46 St,Bay 47 St,NA
19202,86th ST,W 11th ST,W 12th ST,8619
19244,KINGS HWY,W 11th ST,W 12th ST,8728
19248,KINGS HIGHWAY,WEST 11 STREET,QUENTIN ROAD,9027
19259,Neptune Avenue,West 12 Street,Stillwell Avenue,18085
19313,AVE U,W 10th ST,W 11th ST,6540
19437,BAY RIDGE PKWY,11TH AVE,12TH AVE,17741
19461,8 AVENUE,67 STREET,68 STREET,6413
19463,8 AVENUE,66 STREET,67 STREET,7074
19550,BAY RIDGE AVENUE,11 AVENUE,12 AVENUE,NA
19555,FT HAMILTON PARKWAY,67 STREET,68 STREET,16542
19559,Ft. Hamilton Parkway,66 Street,67 Street,15999
19566,65 STREET,10 AVENUE,11 AVENUE,26454
19641,13 AVENUE,72 STREET,73 STREET,6832
19653,13 Avenue,71 Street,72 Street,7518
19761,14 AVENUE,72 STREET,73 STREET,6721
19762,14 Avenue,71 Street,72 Street,7408
19805,60 STREET,11 AVENUE,12 AVENUE,9184
19813,86th ST,19th AVE,20th AVE,12202
19870,NEW UTRECHT AVENUE,72 STREET,16 AVENUE,7672
19874,NEW UTRECHT AVENUE,71 STREET,72 STREET,NA
19978,BAY RIDGE PARKWAY,18 AVENUE,19 AVENUE,15829
19984,Bay Ridge Parkway,19 Avenue,20 Avenue,15455
19991,18 AVENUE,72 STREET,73 STREET,9854
20138,18 Avenue,71 Street,72 Street,11050
20147,BAY RIDGE AVENUE,19 AVENUE,20 AVENUE,NA
20149,BAY RIDGE AVENUE,18 AVENUE,19 AVENUE,2043
20157,65 STREET,18 AVENUE,19 AVENUE,24508
20278,60 STREET,18 AVENUE,19 AVENUE,11603
20335,AVE P,W 10th ST,W 11th ST,9767
20337,Avenue P,West 10 Street,West 9 Street,8846
20340,BAY PKWY,72nd ST,73rd ST,19065
20395,60 Street,19 Avenue,20 Avenue,11724
20561,7 AVENUE,65 STREET,66 STREET,11464
21024,3 AVENUE,29 STREET,30 STREET,12542
21028,3 AVENUE,29 STREET,28 STREET,17458
21033,3 AVENUE,28 STREET,29 STREET,10958
21110,5 AVENUE,24 STREET,36 STREET,10506
21139,NEW UTRECHT AVENUE,52 STREET,53 STREET,9838
21142,51 STREET,13 AVENUE,New Utrecht Avenue,2862
21148,50 STREET,13 AVENUE,New Utrecht Avenue,2792
21164,49 STREET,12 AVENUE,13 AVENUE,2187
21327,39 STREET,12 AVENUE,13 AVENUE,6182
21331,37 STREET,12 AVENUE,13 AVENUE,3736
21399,FT HAMILTON PARKWAY,36 STREET,CHESTER AVENUE,24256
21490,MC DONALD AVENUE,ALBEMARLE ROAD,CHURCH AVENUE,8389
22023,COLUMBIA STREET,DE GRAW STREET,KANE STREET,9686
22025,3 AVENUE,26 STREET,27 STREET,20966
22026,3 AVENUE,26 STREET,27 STREET,18533
22033,3 AVENUE,25 STREET,26 STREET,20759
22036,3 AVENUE,25 STREET,26 STREET,18358
22219,CLINTON STREET,SACKETT STREET,UNION STREET,4734
22221,Hicks Street,Kane Street,De Graw Street,1414
22227,HICKS STREET,KANE STREET,DE GRAW STREET,10313
22345,9 Street,9 Street Bridge,2 Avenue,10881
22379,3 STREET,SMITH STREET,HOYT STREET,4295
22409,COURT STREET,DE GRAW STREET,SACKETT STREET,9205
22534,UNION ST,HOYT ST,BOND ST,4644
22541,SMITH ST,DOUGLASS,DEGRAW ST,6864
22806,3 AVENUE,BALTIC STREET,BUTLER STREET,11163
22921,3 AVENUE,DEAN STREET,PACIFIC STREET,9568
22924,ATLANTIC AVENUE,3 AVENUE,4 AVENUE,45087
22995,State Street,Bridge Street,Battery Place,15793
23057,BROADWAY,BEAVER STREET,MORRIS STREET,9430
23061,TRINITY PL,EDGER ST,RECTOR PL,5945
23207,LIBERTY STREET,BROADWAY,LIBERTY PLACE,6197
23344,FULTON STREET,DUTCH STREET,NASSAU STREET,3661
23396,CHURCH STREET,DUANE STREET,READE STREET,18896
23407,BROADWAY,DUANE STREET,THOMAS STREET,12584
23408,CHAMBERS STREET,BROADWAY,CENTRE STREET,16458
23560,Centre Street,Duane Street,Reade Street,7466
23561,Layafette Street,Duane Street,Reade Street,8227
23580,CENTRE STREET,WORTH STREET,PEARL STREET,7374
23752,St. James Place,Madison Street,James Street,13783
23756,MADISON STREET,CATHERINE STREET,ST JAMES PLACE,7940
23936,CATHERINE STREET,MONROE STREET,CATHERINE SLIP,3841
23942,MARKET STREET,CHERRY STREET,SOUTH STREET,3954
24768,SURF AVE,JONES WALK,W 10th ST,8712
24988,NEPTUNE AVE,SHEEPSHEAD BAY RD,W 12th ST,10682
25210,MC DONALD AVENUE,AVENUE S,AVENUE T,NA
25484,Ocean Parkway,Avenue S,Avenue T,37225
25654,CONEY ISLAND AVE,AVE S,AVE T,24039
26001,AVE U,E 16th ST,E 17th ST,10059
26054,Emmons Avenue,Sheepshead Bay Road,East 16 Street,23785
26073,BAY COURT,SHORE PARKWAY,EAST 16 STREET,754
26075,Shore Pkwy South,E 16 St,Bay Court,7917
26096,AVE Z,E 15th ST,E 16th ST,6988
26098,AVENUE Z,EAST 16 STREET,EAST 17 STREET,10652
26197,Shore Blvd,Falmouth St,Girard St,8249
26330,SHORE BOULEVARD,IRWIN STREET,HASTINGS STREET,8797
26557,Mc Donald Avenue,Elmwood Avenue,38 Street,12429
26570,MC DONALD AVENUE,LAWRENCE AVENUE,PARKVILLE AVENUE,8834
26809,Ocean Parkway,Lawrence Avenue,Parkville Avenue,2080
26818,Ocean Parkway,Lawrence Avenue,Parkville Avenue,50480
26825,Ocean Parkway,Parkville Avenue,Newkirk Avenue,1639
26932,CONEY ISLAND AVENUE,FOSTER AVENUE,NEWKIRK AVENUE,23028
26962,AVE P,CONEY ISLAND AVE,E 12th ST,18142
26964,Avenue P,East 12 Street,East 13 Street,19857
27017,AVENUE J,EAST 12 STREET,EAST 13 STREET,12552
27048,Ave H,E 14 St,E 15 St,807
27106,KINGS HWY,E 15th ST,E 16th ST,13070
27120,Avenue N,East 15 Street,East 16 Street,11263
27121,AVE N,E 15th ST,E 16th ST,10963
27139,AVE M,E 15th ST,ELM AVE,10938
27147,AVENUE M,ELM AVENUE,EAST 16 STREET,11231
27344,OCEAN AVE,AVE R,AVE S,22006
27454,BEDFORD AVENUE,AVENUE R,AVENUE S,11916
27462,BEDFORD AVE,AVE R,QUENTIN RD,13642
27567,NOSTRAND AVE,AVE P,QUENTIN RD,13508
27577,NOSTRAND AVENUE,AVENUE P,STUART STREET,15242
28015,CONEY ISLAND AVE,CATON AVE,CHURCH AVE,18214
28021,CATON AVE,E 12th ST,E 13th ST,12920
28067,DITMAS AVENUE,EAST 13 STREET,EAST 14 STREET,8182
28069,CORTELYOU ROAD,EAST 11 STREET,EAST 12 STREET,8950
28103,CHURCH AVE,E 13th ST,E 14th ST,8753
28234,CATON AVE,E 18th ST,ST PAUL'S PL,14305
28262,OCEAN AVE,CATON AVE,CROOKE AVE,15383
28288,OCEAN AVENUE,FARRAGUT ROAD,GLENWOOD ROAD,19234
28370,FLATBUSH AVE,CATON AVE,CLARKSON AVE,21707
28403,FARRAGUT ROAD,BEDFORD AVENUE,EAST 24 STREET,5819
28514,Bedford Avenue,Farragut Road,Glenwood Road,7581
28612,ROGERS AVE,LENOX RD,LINDEN BLVD,14930
28620,ROGERS AVE,CLARKSON AVE,LENOX RD,15509
28637,FLATBUSH AVENUE,EAST 28 STREET,EAST 29 STREET,29041
28732,NOSTRAND AVE,LENOX RD,LINDEN BLVD,13553
28736,NEW YORK AVENUE,LENOX ROAD,LINDEN BOULEVARD,11492
28749,NEW YORK AVENUE,CLARKSON AVENUE,LENOX ROAD,10816
28775,NEW YORK AVENUE,FARRAGUT ROAD,GLENWOOD ROAD,5174
28845,CHURCH AVE,E 37th ST,BROOKLYN AVE,13256
28855,LINDEN BLVD,BROOKLYN AVE,E 37th ST,18912
28860,Clarkson Ave,E 37 St,E 38 St,10637
28923,5 AVENUE,DE GRAW STREET,DOUGLASS STREET,11229
28934,6 AVENUE,ST JOHN'S PLACE,STERLING PLACE,7547
28973,FLATBUSH AVENUE,4 AVENUE,ROCKWELL PLACE,49159
28976,ASHLAND PLACE,4 AVENUE,LAFAYETTE AVENUE,4891
28997,PROSPECT PARK WEST,2 STREET,3 STREET,11705
29014,8 AVENUE,CARROLL STREET,GARFIELD PLACE,9636
29025,UNION ST,7 AVE,8 AVE,9749
29030,7 AVENUE,LINCOLN PLACE,ST JOHN'S PLACE,6652
29114,Prospect Park West,Montgomery Place,Garfield Place,12626
29181,Fulton Street,Clermont Avenue,Vanderbilt Avenue,14011
29246,VANDERBILT AVE,GATES AVE,FULTON ST,NA
29256,WASHINGTON AVE,GATES AVE,FULTON ST,NA
29470,CLASSON AVE,GATES AVE,PUTNAM AVE,6462
29473,Gates Avenue,Classon Avenue,Franklin Avenue,3850
29479,PUTNAM AVE,CLAVER PL,FRANKLIN AVE,3536
29487,QUINCY ST,CLASSON AVE,FRANKLIN AVE,883
29548,FRANKLIN AVE,DEAN STREET,BERGEN STREET,8993
29555,FULTON AVENUE,CLAVER PLACE,FRANKLIN AVENUE,NA
29560,FRANKLIN AV,JEFFERSON AV,HANCOCK ST,8416
29662,BEDFORD AVE,PROSPECT PL,ST MARK'S AVE,11033
29668,ROGERS AVE,LINCOLN PL,ST JOHN'S PL,14513
29688,Bedford Avenue,Hancock Street,Halsey Street,23838
29696,BEDFORD AVE,HANCOCK ST,JEFFERSON AVE,16762
29756,NEW YORK AVENUE,PROSPECT PLACE,PARK PLACE,7352
29760,Nostrand Avenue,Bergen Street,St Marks Avenue,12766
29764,NEW YORK AVENUE,ST MARKS AVENUE,PROSPECT PLACE,7212
29766,NEW YORK AVE,BERGEN ST,ST MARCUS AVE,6794
29785,Nostrand Avenue,Hancock Street,Halsey Street,12716
29843,BROOKLYN AVE,ST JOHN'S PL,LINCOLN PL,8213
29869,MARCY AVENUE,HALSEY STREET,MACON STREET,6882
29880,Tompkins Avenue,Halsey Street,Macon Street,7717
29887,MARCY AVENUE,HANCOCK STREET,HALSEY STREET,6833
29893,TOMPKINS AVE,HANCOCK ST,HALSEY ST,7286
29896,QUINCY ST,TOMPKINS AVE,THROOP AVE,2033
29902,Gates Avenue,Tompkins Avenue,Throop Avenue,4701
30310,Park Avenue,Washington Avenue,Hall Street,7282
30312,Park Avenue,Washington Avenue,Hall Street,12529
30344,Flushing Avenue,Ryerson Street,Grand Avenue,12159
30494,Park Avenue,Grand Avenue,Steuben Street,9002
30500,Park Avenue,Steuben Street,Emerson Place,5670
30633,LAFAYETTE AVE,CLASSON AVE,FRANKLIN AVE,8184
30645,MYRTLE AVE,CLASSON AVE,TAAFFE AVE,11139
30786,Bedford Avenue,North 1 Street,Grand Street,8232
30790,BEDFORD AVE,METROPOLITAN AVE,NORTH 1st ST,7001
30797,Driggs Avenue,Fillmore Place,North 1 Street,8179
30800,DRIGGS AVENUE,METROPOLITAN AVENUE,FILLMORE PLACE,6170
30993,Marcy Avenue,Metropolitan Avenue,Hope Street,15810
31072,MONTROSE AVE,UNION AVE,LORIME ST,5724
31118,UNION AVENUE,AINSLIE STREET,DEVOE STREET,10481
31123,Grand Street,Union Avenue,Lorimer Street,16843
31127,Rodney Street,Ainslie Street,Meeker Avenue,12729
31137,Meeker Avenue,North 8 Street,Union Avenue,13056
31143,Meeker Avenue,Union Avenue,Skillman Avenue,13157
31145,MEEKER AVENUE,BROOKLYN QUEENS EP ET 32 B WB,JACKSON STREET,4435
31148,METROPOLITAN AVE,UNION AVE,LORIMER ST,16668
31248,MESEROLE STREET,LEONARD  ST,LORIMER ST,3387
31294,Lafayette Avenue,Tompkins Avenue,Throop Avenue,4928
31308,MYRTLE AVE,THROOP AVE,TOMPKINS AVE,10513
31320,PARK AVENUE,TOMPKINS AVENUE,DELMONICO PLACE,6096
31332,THROOP AVENUE,BARTLETT STREET,WHIPPLE STREET,3153
31347,THROOP AVENUE,GERRY STREET,BARTLETT STREET,2562
31350,Broadway,Leonard Street,Gerry Street,18285
31405,GRAHAM AVENUE,B-N POWERS STREET,AINSLIE STREET,9370
31425,GRAHAM AVENUE,AINSLIE STREET,DEVOE STREET,7890
31540,Greenwich Street,Jay Street,Harrison Street,6358
31548,Hudson Street,Duane Street,Duane Street,2667
31550,HUDSON STREET,DUANE STREET,THOMAS STREET,4058
31559,WEST BROADWAY,DUANE STREET,THOMAS STREET,18005
31764,Church Street,Thomas Street,Duane Street,19111
31783,Broadway,Catherine Lane,Worth Street,18325
31890,HUDSON STREET,CHARLTON STREET,VANDAM STREET,13624
31907,Varick Street,Spring Street,Vandam Street,29974
31909,VARICK STREET,CHARLTON STREET,VAN DAM STREET,32167
31914,HUDSON STREET,CHARLTON STREET,KING STREET,15011
32031,HUDSON STREET,GANSEVOORT STREET,HORATIO STREET,12418
32033,HUDSON STREET,GANSEVOORT STREET,WEST 13 STREET,11728
32066,CORTLANDT ALLEY,WALKER STREET,WHITE STREET,146
32072,WALKER STREET,LAFAYETTE STREET,CORTLANDT ALLEY,7166
32087,Walker Street,Broadway,Lafayette Street,7628
32095,CANAL STREET,BROADWAY,CORTLANDT ALLEY,42685
32126,AVENUE OF THE AMERICAS,VANDAM STREET,SPRING STREET,25423
32137,WEST BROADWAY,PRINCE STREET,SPRING STREET,11359
32274,8 AVENUE,HORATIO STREET,WEST 4 STREET,17125
32283,8 Avenue,Greenwich Avenue,West 14 Street,20278
32327,GRAND STREET,BROADWAY,CROSBY STREET,8242
32329,CANAL STREET,LAFAYETTE STREET,CORTLANDT ALLEY,41294
32333,Grand Street,Crosby Street,Lafayette Street,8993
32361,BROOME STREET,BROADWAY,CROSBY STREET,14788
32364,BROADWAY,PRINCE STREET,SPRING STREET,21090
32366,SPRING STREET,BROADWAY,CROSBY STREET,9283
32443,7 AVENUE,WEST 12 STREET,WEST 13 STREET,30757
32449,AVENUE OF AMERICAS,WEST 11 STREET,WEST 12 STREET,35408
32585,E 4TH ST,BROADWAY,LAFAYETTE ST,4738
32618,5 AVENUE,EAST 11 STREET,EAST 12 STREET,18774
32621,5 AVENUE,EAST 12 STREET,EAST 13 STREET,18657
32651,FORSYTH STREET,GRAND STREET,BROOME STREET,3026
32698,BOWERY,EAST HOUSTON STREET,PRINCE STREET,17864
32706,CHRYSTIE STREET,2 AVENUE,DELANCEY STREET,14248
32742,LAFAYETTE STREET,EAST 4 STREET,ASTOR PLACE,16727
32775,4 AVENUE,EAST 9 STREET,EAST 10 STREET,17436
32780,4 Avenue,East 11 Street,East 12 Street,18030
32787,BROADWAY,EAST 11 STREET,EAST 12 STREET,23001
32807,EAST 14 STREET,4 AVENUE,BROADWAY,21251
32932,3 AVENUE,EAST 12 STREET,EAST 13 STREET,32309
33012,5 AVENUE,BROADWAY,EAST 26 STREET,26230
33018,5 AVENUE,WEST 25 STREET,EAST 26 STREET,23234
33064,CLINTON STREET,DELANCEY STREET,RIVINGTON STREET,14031
33115,2 AVENUE,EAST 12 STREET,EAST 13 STREET,27921
33119,1 AVENUE,EAST 11 STREET,EAST 12 STREET,24928
33121,1 AVENUE,EAST 12 STREET,EAST 13 STREET,23740
33184,LEXINGTON AVENUE,EAST 26 STREET,EAST 27 STREET,18701
33186,LEXINGTON AVENUE,EAST 27 STREET,EAST 28 STREET,20317
33196,PITT STREET,DELANCEY STREET,STANTON STREET,3987
33255,AVENUE B,EAST 11 STREET,EAST 12 STREET,8169
33305,3 AVENUE,EAST 27 STREET,EAST 28 STREET,34297
33411,11 AVENUE,WEST 27 STREET,WEST 28 STREET,13143
33413,11 AVENUE,WEST 28 STREET,WEST 29 STREET,20417
33471,10 AVENUE,WEST 27 STREET,WEST 28 STREET,26102
33547,9 AVENUE,WEST 25 STREET,WEST 26 STREET,30439
33612,11 AVENUE,WEST 43 STREET,WEST 44 STREET,21561
33615,11 Avenue,West 44 Street,West 45 Street,26258
33645,8 AVENUE,WEST 26 STREET,WEST 27 STREET,23340
33652,7 AVENUE,WEST 27 STREET,WEST 28 STREET,27306
33758,10 AVENUE,WEST 45 STREET,WEST 46 STREET,37421
33760,11 AVENUE,WEST 45 STREET,WEST 46 STREET,24649
33796,AVENUE OF THE AMERICAS,WEST 26 STREET,WEST 27 STREET,36482
33798,6 Avenue,West 27 Street,West 28 Street,37481
33844,10 AVENUE,WEST 46 STREET,WEST 47 STREET,46957
33848,9 AVENUE,WEST 45 STREET,WEST 46 STREET,35422
33850,9 Avenue,West 46 Street,West 47 Street,33345
33879,BROADWAY,WEST 27 STREET,WEST 28 STREET,4623
33886,5 AVENUE,EAST 27 STREET,EAST 28 STREET,27509
33891,WEST 29 STREET,5 AVENUE,BROADWAY,8531
33959,8 AVENUE,WEST 45 STREET,WEST 46 STREET,30509
33968,8 Avenue,West 47 Street,West 48 Street,28607
34000,MADISON AVENUE,EAST 27 STREET,EAST 28 STREET,14514
34013,WEST 30 STREET,5 AVENUE,BROADWAY,6935
34027,WEST 34 STREET,5 AVENUE,AVE OF THE AMER,23347
34073,7 AVENUE,BROADWAY,WEST 46 STREET,26858
34079,BROADWAY,47 STREET,48 STREET,4834
34124,COLUMBUS AVENUE,WEST 61 STREET,WEST 62 STREET,24288
34170,WEST 39 STREET,5 AVENUE,AVE OF THE AMER,11889
34178,West 42 Street,5 Avenue,6 Avenue,24239
34188,AVENUE OF THE AMERICAS,WEST 45 STREET,WEST 46 STREET,33206
34206,West 48 Street,Rockefeller Plaza,6 Avenue,10354
34243,COLUMBUS CIRCLE EB,CENTRAL PARK SOUTH,BROADWAY,28560
34257,CENTRAL PARK WEST,WEST 61 STREET,COLUMBUS CIRCLE,14128
34340,AMSTERDAM AVENUE,WEST 61 STREET,WEST 62 STREET,24517
34402,Riverside Drive,West 73 Street,West 74 Street,7403
34408,West End Avenue,West 73 Street,West 74 Street,15274
34512,AMSTERDAM AVENUE,WEST 73 STREET,WEST 74 STREET,24683
34607,AVENUE C,EAST 11 STREET,EAST 12 STREET,11087
34654,1 AVENUE,EAST 26 STREET,EAST 27 STREET,27989
34656,1 AVENUE,EAST 27 STREET,EAST 28 STREET,31871
34659,2 AVENUE,EAST 27 STREET,EAST 28 STREET,60688
34669,FDR Drive,Stanton Street,East Houston Street,56978
34858,KENT AVENUE,NORTH 1 STREET,GRAND STREET,6146
35040,Dupont Street,Franklin Street,Manhattan Avenue,581
35041,COMMERCIAL ST,CLAY ST,BOX ST,1010
35042,CLAY STREET,COMMERCIAL STREET,MANHATTAN AVENUE,814
35151,GREENPOINT AVENUE,FRANKLIN STREET,MANHATTAN AVENUE,7818
35178,ASH ST,COMMERCIAL ST,MC GUINNESS,881
35252,BEDFORD AVE,LORIMER ST,NORTH 12th ST,5238
35257,DRIGGS AVE,LORIMER ST,NORTH 12th ST,5809
35672,GREENPOINT AVE,N. HENRY ST,PROVOST ST,19190
35806,5 AVENUE,EAST 46 STREET,EAST 47 STREET,32720
35813,Madison Avenue,East 45 Street,East 46 Street,21608
35832,West 49 Street,Rockefeller Plaza,6 Avenue,9034
35955,Lexington Avenue,East 46 Street,East 47 Street,18680
35960,3 AVENUE,EAST 46 STREET,EAST 47 STREET,33664
35996,West 55 Street,5 Avenue,6 Avenue,9374
36009,West 56 Street,5 Avenue,6 Avenue,8561
36012,West 57 Street,5 Avenue,6 Avenue,18858
36023,5 AVENUE,WEST 59 STREET,WEST 60 STREET,28611
36026,5 Avenue,East 60 Street,East 61 Street,22808
36036,5 AVENUE,EAST 61 STREET,EAST 62 STREET,15404
36041,65 Street Transverse,East Drive,Center Drive,27080
36112,2 AVENUE,EAST 46 STREET,EAST 47 STREET,49378
36162,MADISON AVENUE,EAST 59 STREET,EAST 60 STREET,25166
36164,Madison Avenue,East 60 Street,East 61 Street,22336
36169,MADISON AVENUE,EAST 61 STREET,EAST 62 STREET,23264
36265,Lexington Avenue,East 59 Street,60 Street,30226
36272,3 AVENUE,EAST 59 STREET,EAST 60 STREET,26447
36274,3 Avenue,East 60 Street,61 Street,23911
36277,LEXINGTON AVENUE,60 STREET,EAST 61 STREET,19866
36401,1 Avenue,59 Street,East 60 Street,24712
36403,1 AVENUE,EAST 60 STREET,EAST 61 STREET,18131
36517,York Avenue,60 Street,East 61 Street,24451
36574,3 AVENUE,EAST 73 STREET,EAST 74 STREET,31638
36579,2 AVENUE,EAST 73 STREET,EAST 74 STREET,25490
36671,2 AVENUE,EAST 74 STREET,EAST 75 STREET,23959
36674,1 AVENUE,EAST 73 STREET,EAST 74 STREET,30799
36699,11 STREET,47 AVENUE,47 ROAD,7640
36705,VERNON BOULEVARD,46 ROAD,47 AVENUE,10423
36788,YORK AVENUE,EAST 73 STREET,EAST 74 STREET,23271
36803,YORK AVENUE,EAST 74 STREET,EAST 75 STREET,19051
36837,21 STREET,45 ROAD,46 AVENUE,13716
37085,Columbus Avenue,West 73 Street,West 74 Street,21447
37189,CENTRAL PARK WEST,WEST 74 STREET,WEST 75 STREET,21831
37277,WEST END AVENUE,WEST 97 STREET,WEST 98 STREET,12414
37287,Terrace Drive,East Drive,West Drive,1177
37362,AMSTERDAM AVE,WEST 99 ST,WEST 100 ST,18704
37374,5 AVENUE,EAST 73 STREET,EAST 74 STREET,16118
37379,Madison Avenue,East 73 Street,East 74 Street,22910
37438,MADISON AVENUE,74 STREET,75 STREET,22247
37448,Lexington Avenue,East 74 Street,East 73 Street,18917
37449,LEXINGTON AVENUE,74 STREET,75 STREET,19608
37480,86 Street Transverse,5 Avenue,East Drive,11092
37708,97 Street Transverse,5 Avenue,East Drive,15952
37910,LEXINGTON AVENUE,99 STREET,EAST 100 STREET,13093
37916,3 AVE,EAST 99 ST,EAST 100 ST,19617
38035,1 AVE,EAST 99 ST,EAST 97 ST,18991
38055,2 AVE,EAST 99 ST,EAST 100 ST,21184
38361,AMSTERDAM AVE,WEST 118 ST,WEST 119 ST,15323
38369,MORNINGSIDE DRIVE,120 STREET,121 STREET,2875
38489,MANHATTAN AVENUE,WEST 119 STREET,WEST 120 STREET,4490
38499,Morningside Drive,West 121 Street,Amsterdam Avenue,2138
38613,St. Nicholas Avenue,123 Street,122 Street,7996
38619,8 AVE,WEST 123 ST,WEST 124 ST,13063
38636,West 125 Street,Frederick Douglass Boulevard,Manhattan Avenue,18844
38837,Mt Morris Park West,West 121 Street,West 122 Street,7571
38839,MT MORRIS PARK WEST,123 STREET,122 STREET,8821
38868,WEST 135 STREET,8 AVENUE,EDGECOMBE AVENUE,6217
38915,St. Nicholas Avenue,West 147 Street,West 146 Street,13259
38916,West 145 Street,St. Nicholas Avenue,Edgecomb Avenue,15388
39011,AMSTERDAM AVE,WEST 147 ST,WEST 148 ST,15260
39756,ORIENTAL BOULEVARD,NORFOLK STREET,OXFORD STREET,3703
40873,Flatbush Avenue,Avenue M,Baughman Place,28149
40902,Flatlands Avenue,Troy Avenue,Avenue L,8313
40944,Ave H,Troy Ave,E 45 St,10855
40998,AVENUE N,BOB STONEHILL WAY,EAST 48 STREET,9916
41000,AVENUE M,EAST 45 STREET,EAST 46 STREET,2965
41034,AVENUE J,EAST 46 STREET,SCHENECTADY AVENUE,5312
41040,Avenue J,Schenectady Avenue,East 48 Street,6413
41107,Utica Avenue,Avenue O,Fillmore Avenue,14336
41144,Utica Avenue,Avenue K,Avenue L,15461
41312,AVENUE U,EAST 56 STREET,PEARSON STREET,20991
41367,Ralph Avenue,Avenue K,Avenue L,20580
41546,AVENUE U,EAST 66 STREET,EAST 67 STREET,8688
41552,VETERANS AVENUE,EAST 66 STREET,EAST 67 STREET,3712
41557,Veterans Avenue,East 67 Street,Avenue T,3980
41663,Veterans Avenue,East 71 Street,Avenue U,947
41667,AVENUE U,EAST 71 STREET,EAST 72 STREET,4019
41720,AVENUE D,BROOKLYN AVENUE,EAST 37 STREET,9286
41736,CLARENDON ROAD,BROOKLYN AVENUE,EAST 37 STREET,13396
41758,Snyder Ave,E 37 St,E 38 St,14031
41759,Snyder Ave,E 37 St,E 38 St,12969
41760,Snyder Ave,E 37 St,E 38 St,13254
41761,Snyder Ave,E 37 St,E 38 St,3785
41771,Linden Boulevard,East 37 Street,East 38 Street,18182
41788,Winthrop St,Kingston Ave,Albany Ave,9502
41813,ALBANY AVENUE,FARRAGUT ROAD,GLENWOOD ROAD,7272
41864,ALBANY AVE,LENOX RD,LINDEN BLVD,8433
42098,Utica Avenue,Lenox Road,Linden Boulevard,20386
42128,Kings Highway,Utica Avenue,Glenwood Road,7807
42135,Utica Avenue,Farragut Road,Glenwood Road,18810
42359,LENOX ROAD,REMSEN AVENUE,EAST 57 STREET,5500
42362,Remsen Ave,Lenox Rd,Lenox Rd,23475
42364,REMSEN AVENUE,LENOX ROAD,EAST 58 STREET,24677
42387,GLENWOOD ROAD,EAST 59 STREET,RALPH AVENUE,10419
42389,Ralph Avenue,Glenwood Road,Flatlands Avenue,20767
42542,FLATLANDS AVENUE,EAST 78 STREET,EAST 79 STREET,26645
42626,Church Avenue,East 94 Street,East 95 Street,13154
42645,Rockaway Parkway,Church Avenue,Avenue A,21854
42955,ALBANY AVE,MIDWOOD ST,RUTLAND RD,10204
42968,Empire Boulevard,Albany Avenue,Troy Avenue,12880
42985,KINGSTON AVE,ST JOHN'S PL,LINCOLN PL,4598
43037,THROOP AVENUE,HALSEY STREET,MACON STREET,5505
43071,Eastern Parkway,Albany Avenue,Troy Avenue,40246
43074,ALBANY AVE,LINCOLN PL,ST JOHN'S PL,7760
43120,MARCUS GARVEY BLVD,HANCOCK ST,HALSEY ST,8891
43126,MARCUS GARVEY BOULEVARD,HALSEY STREET,MACON STREET,9472
43194,Lewis Avenue,Fulton Street,Chauncey Street,2622
43210,Lewis Avenue,Fulton Street,Chauncey Street,6499
43211,Lewis Avenue,Bainbridge Street,Chauncey Street,8905
43218,LEWIS AVE,HALSEY ST,MACON AVE,8108
43312,Stuyvesant Avenue,Macon Street,Mac Donough Street,5542
43314,STUYVESANT AVENUE,HALSEY STREET,MACON STREET,4196
43320,Malcolm X Boulevard,Halsey Street,Macon Street,12461
43322,MALCOLM X BLVD,HANCOCK ST,HALSEY ST,8864
43527,MAC DOUGAL STREET,FULTON STREET,RALPH AVENUE,642
43545,Ralph Avenue,Mac Donough Street,Decatur Street,14100
43547,RALPH AVE,MACON ST,MAC DONOUGH ST,7304
43660,HOWARD AVENUE,BAINBRIDGE STREET,CHAUNCEY STREET,4576
43934,ROCKAWAY AVE,MARION ST,SUMPTER ST,8311
43940,ROCKAWAY AVENUE,MAC DOUGAL STREET,SUMPTER STREET,7571
44195,HUMBOLDT STREET,GRAND STREET,POWERS STREET,3936
44476,MORGAN AVE,SCHOLES ST,STAGG ST,16308
44809,Grand Street,Gardner Avenue,Grand Street Bridge,10259
44882,DEKALB AVENUE,KNICKERBOCKER AVENUE,IRVING AVENUE,5294
44932,FLUSHING AVENUE,CYPRESS AVENUE,SENECA AVENUE,NA
45014,GREENE AVENUE,KNICKERBOCKER AVENUE,IRVING AVENUE,1390
45028,Dekalb Avenue,Irving Avenue,Wyckoff Avenue,9036
45054,CYPRESS AVENUE,TROUTMAN STREET,STARR STREET,NA
45069,FLUSHING AVENUE,SENECA AVENUE,ONDERDONK AVENUE,17868
45137,GREENE AVENUE,IRVING AVENUE,WYCKOFF AVENUE,1410
45322,FLUSHING AVENUE,53 STREET,54 STREET,NA
45405,MYRTLE AVENUE,ST NICHOLAS AVENUE,MADISON STREET,10232
45409,MYRTLE AVENUE,MADISON STREET,PUTNAM AVENUE,NA
45497,METROPOLITAN AVENUE,55 STREET,56 STREET,NA
46347,Avenue L,East 89 Street,Remsen Avenue,5475
46349,REMSEN AVENUE,AVENUE L,AVENUE M,10719
46514,Rockaway Parkway,Avenue J,Avenue K,16099
46587,NEW LOTS AVENUE,SNEDIKER AVENUE,HINSDALE STREET,10952
46589,NEW LOTS AVENUE,HINSDALE STREET,WILLIAMS AVENUE,7009
46664,STANLEY AVENUE,WILLIAMS AVENUE,ANNA COURT,4211
46666,STANLEY AVENUE,LOUSIANA AVENUE,ANNA COURT,6101
47311,LIBERTY AVENUE,WILLIAMS AVENUE,HINSDALE STREET,5945
47315,LIBERTY AVENUE,WILLIAMS AVENUE,ALABAMA AVENUE,5327
47359,Bushwick Avenue,Conway Street,Highland Boulevard,45831
47393,SUTTER AVENUE,HINSDALE STREET,WILLIAMS AVENUE,6417
47413,SUTTER AVENUE,ALABAMA AVENUE,GEORGIA AVENUE,5129
47443,FULTON STREET,GEORGIA AVENUE,SHEFFIELD AVENUE,6955
47518,Pennsylvania Avenue,New Lots Avenue,Hegeman Avenue,30810
47800,SCHENCK AVENUE,MC CLANCY PLACE,HEGEMAN AVENUE,2925
48370,HEGEMAN AVENUE,FOUNTAIN AVENUE,LOGAN STREET,2709
48625,FOREST AVENUE,GREENE AVENUE,BLEECKER STREET,NA
48672,COOPER AVENUE,WYCKOFF AVENUE,ST FELIX AVENUE,NA
48919,FRESH POND ROAD,GATES AVENUE,PALMETTO STREET,NA
49090,VERMONT PLACE,HIGHLAND BOULEVARD,JACKIE ROBINSON PKWY,10258
49354,METROPOLITAN AVENUE,PLEASANTVILLE STREET,73RD PLACE,21306
49444,METROPOLITAN AVENUE,73 PLACE,74 STREET,15856
49490,MYRTLE AVENUE,73 PLACE,74 STREET,11765
49505,73 PLACE,78 AVENUE,COOPER AVENUE,7197
49507,73 PLACE,COOPER AVENUE,CENTRAL AVENUE,4108
49572,JAMAICA AVENUE,AUTUMN AVENUE,EUCLID AVENUE,11754
49583,MYRTLE AVENUE,74 STREET,75 STREET,NA
49594,COOPER AVENUE,76 STREET,78 STREET,20744
49616,COOPER AVENUE,79TH STREET,78TH STREET,923
49635,80 STREET,67 DRIVE,68 AVENUE,NA
50551,CROSS BAY BOULEVARD,163 AVENUE,164 AVENUE,23919
50660,SUTTER AVENUE,HEMLOCK STREET,AUTUMN AVENUE,8208
50664,SUTTER AVENUE,AUTUMN AVENUE,LINCOLN AVENUE,6680
50676,South Conduit Avenue,Hemlock Avenue,Autumn Avenue,23461
50683,North Conduit Avenue,Glenmore Avenue,Lincoln Avenue,25102
50705,LIBERTY AVENUE,AUTUMN AVENUE,LINCOLN AVENUE,8085
50816,North Conduit Avenue,Grant Avenue,Elbert Lane,26741
50820,Belmont Avenue,Grant Avenue,South Conduit Avenue,3112
50822,South Conduit Avenue,Grant Avenue,Belmont Avenue,27674
51223,ROCKAWAY BOULEVARD,CULLODEN PLACE,84 STREET,10239
51334,ROCKAWAY BOULEVARD,84 STREET,97 AVENUE,10912
51667,WOODHAVEN BOULEVARD,97 AVENUE,101 AVENUE,32122
51933,PITKIN AVE,95th ST,96th ST,3652
51945,LINDEN BOULEVARD,97 STREET,HAWTREE ST,5046
51982,LIBERTY AVE,98th ST,99th ST,7880
51994,ROCKAWAY BOULEVARD,100 STREET,101 STREET,17111
51998,ROCKAWAY BOULEVARD,101 STREET,101 STREET,20340
52092,ECKFORD AVENUE,TAHOE STREET,RALEIGH STREET,2888
52124,LINDEN BOULEVARD,HAWTREE STREET,CENTREVILLE STREET,11090
52186,101 AVENUE,107 STREET,107 STREET,5332
52188,101 AVENUE,107 STREET,108 STREET,8072
52297,80 STREET,68 AVENUE,68 ROAD,18528
52378,COOPER AVENUE,83 STREET,84 STREET,NA
52592,WOODHAVEN BOULEVARD,75 AVENUE,76 AVENUE,NA
52610,Metropolitan Avenue,Trotting Course Lane,Selfridge Street,17141
52743,METROPOLITAN AVENUE,SELFRIDGE STREET,69 AVENUE,17498
52914,ATLANTIC AVENUE,97 STREET,98 STREET,23599
52931,JAMAICA AVENUE,97 STREET,98 STREET,7687
52940,JAMAICA AVE,101st ST,102nd ST,9503
53396,METROPOLITAN AVENUE,PARK LANE SOUTH,116 STREET,NA
54575,SOUTH CONDUIT AVE,COHANCY ST,NASSAU EXPY,41152
55804,111 AVE,142 STREET,143 STREET,4049
55805,BRINKERHOFF AVE,111 AVE,143 STREET,1083
56117,KEW GARDENS ROAD,80 ROAD,UNION TURNPIKE,6904
56138,LEFFERTS BOULEVARD,101 AVENUE,103 AVENUE,7562
56768,MAIN STREET,82 DRIVE,84 ROAD,NA
56804,VAN WYCK EXPRESSWAY,102 AVENUE,W 232nd ST,68272
56878,ARCHER AVE,143 STREET,144 PLACE,6746
56882,JAMAICA AVENUE,139 STREET,143 STREET,13824
56884,Jamaica Avenue,143 Street,144 Street,12535
56910,HILLSIDE AVENUE,144 STREET,146 STREET,27007
56912,HILLSIDE AVENUE,146 STREET,SUTPHIN BOULEVARD,28026
56954,150 STREET,84 ROAD,84 DRIVE,NA
56994,LIBERTY AVE,BRISBIN STREET,LLOYD ROAD,22606
57005,101 AVENUE,CRESSKILL PLACE,BRISBIN STREET,6500
57009,101 AVENUE,BRISBIN STREET,ALLENDALE STREET,5403
57133,PARSONS BOULEVARD,84 AVENUE,84 ROAD,NA
57167,LAKEWOOD AVE,INWOOD STREET,LIVERPOOL STREET,4654
57188,WALTHAM STREET,101 AVE,LIBERTY AVE,2994
57189,101 AVE,146 STREET,WALTHAM STREET,3329
57192,LIBERTY AVE,101 AVE,WALTHAM STREET,19583
57194,Liberty Avenue,146 Street,Sutphin Boulevard,24373
57322,164 STREET,84 AVENUE,84 ROAD,NA
58320,150th ST,148th ST,CENTER CARGO RD,9276
58598,147 AVENUE,182 STREET,182 STREET,8965
58623,NASSAU EXPRESSWAY,148 STREET,VAN WYCK EXPRESSWAY,41335
58732,LINDEN BOULEVARD,146 STREET,147 STREET,13369
58806,ROCKAWAY BOULEVARD,144 STREET,145 STREET,13809
59856,BELT PARKWAY,181 STREET,182 STREET,37062
60010,SUTPHIN BOULEVARD,ARLINGTON TERRACE,109 AVENUE,14173
60012,SUTPHIN BOULEVARD,109 AVENUE,FERNDALE AVENUE,13943
60160,110 AVENUE,155 STREET,156 STREET,5661
60164,BRINKERHOFF AVENUE,156 STREET,157 STREET,4624
60470,GUY R BREWER BOULEVARD,CLAUDE AVENUE,MATHIAS AVENUE,12215
60799,MERRICK BOULEVARD,111 ROAD,SAYRES AVENUE,20792
61511,JAMAICA AVENUE,195 STREET,195 PLACE,15325
61917,SEAGIRT BLVD,BEACH 7TH ST,BEACH 9TH ST,16862
62016,CEDAR LAWN AVENUE,VIRGINIA STREET,READS LANE,2426
62100,BEACH CHANNEL DRIVE,BIRDSALL AVENUE,NAMEOKE AVENUE,20293
62171,CENTRAL AVE,SAGE ST,VIRGINIA ST,11309
62193,EMPIRE AVENUE,SAGE STREET,BALSAM COURT,NA
62211,Central Avenue,Virginia Street,Doughty Boulevard,12908
62435,ROCKAWAY BOULEVARD,BROOKVILLE BOULEVARD,BROOKVILLE BOULEVARD,51455
62764,BELT PARKWAY,181 STREET,182 STREET,24075
62767,SO CONDUIT AVE,182ND ST,181ST ST,NA
62854,MERRICK BOULEVARD,BELKNAP STREET,180 STREET,NA
63023,120 AVENUE,191 STREET,192 STREET,NA
64255,FARMERS BOULEVARD,TIOGA DRIVE,SUFFOLK DRIVE,13212
64258,FARMERS BOULEVARD,115 ROAD,115 DRIVE,15943
64444,MURDOCK AVENUE,198 STREET,199 STREET,8480
64470,HOLLIS AVENUE,201 STREET,200 STREET,8458
64472,HOLLIS AVENUE,201 STREET,202 STREET,NA
64564,LINDEN BLVD,198 STREET,199 STREET,11543
64574,LINDEN BOULEVARD,200 STREET,201 STREET,NA
64584,MURDOCK AVE NUE,199 STREET,200 STREET,NA
64881,FRANCIS LEWIS BOULEVARD,115 ROAD,115 DRIVE,NA
65044,SPRINGFIELD BOULEVARD,115 ROAD,116 AVENUE,NA
65188,115 AVENUE,217 STREET,218 STREET,NA
65484,225 STREET,114 AVENUE,114 ROAD,NA
65633,Cross Island Parkway,114 Terrace,115 Avenue,12454
65634,CROSS ISLAND PKWY SR,107 AVENUE,115 AVENUE,149883
65642,CROSS ISLAND PKWY SR SOUTH,MURDOCK AVENUE,113 DRIVE,5022
65745,HUNGRY HARBOR RD,148th ST,262nd PL,11023
65882,KINGSLAND AVENUE,DRIGGS AVENUE,NASSAU AVENUE,4798
65914,JJ Byrne Memorial Bridge,Kingsland Avenue,Newtown Creek,42789
66455,56th RD,43rd ST,48th ST,10240
66637,48 STREET,56 ROAD,55 AVENUE,6572
66648,48 STREET,54 ROAD,55 AVENUE,9114
66880,58 STREET,55 DRIVE,56 DRIVE,9225
66883,MAURICE AVE,55th DR,56th DR,7127
66886,58 STREET,55 AVENUE,55 DRIVE,6025
67062,JACKSON AVENUE,COURT SQUARE,44 DRIVE,11853
67234,QUEENS BOULEVARD,AMTRAK RAILROAD,LONG ISLAND RAILROAD,NA
67437,21 STREET,34 AVENUE,35 AVENUE,27549
67502,Honeywell Street,Northern Boulevard,Skillman Avenue,8579
67556,CRESCENT STREET,35 AVENUE,36 AVENUE,10677
67560,CRESCENT STREET,34 AVENUE,35 AVENUE,10312
67650,31 STREET,35 AVENUE,36 AVENUE,13477
67665,31 STREET,34 AVENUE,35 AVENUE,11538
67724,39th ST,NORTHERN BLVD,SKILLMAN AVE,14116
67754,STEINWAY STREET,35 AVENUE,36 AVENUE,14662
67865,NORTHERN BOULEVARD,43 STREET,35 AVENUE,32166
67868,Northern Boulevard,35 Avenue,45 Street,37940
67871,STEINWAY STREET,34 AVENUE,35 AVENUE,12633
67957,48 STREET,BARNETT AVENUE,39 AVENUE,6288
67971,48th ST,37th AVE,NORTHERN BLVD,8090
68073,39 AVENUE,51 STREET,52 STREET,6865
68193,57 STREET,WOODSIDE AVENUE,ROOSEVELT AVENUE,1551
68199,WOODSIDE AVE,BARNETT AVE,39 AVENUE,7072
68200,Woodside Avenue,38 Avenue,Barnett Avenue,8985
68340,FDR Drive,99 Street,100 Street,56556
69057,Madison Avenue,East 121 Street,East 122 Street,15981
69072,MADISON AVENUE,123 STREET,122 STREET,14477
69154,8 AVE,WEST 147 ST,WEST 148 ST,14896
69171,Lexington Avenue,East 121 Street,East 122 Street,14687
69185,3 AVE,EAST 123 ST,EAST 124 ST,16961
69276,2 AVE,EAST 124 ST,EAST 123 ST,23582
69588,East 135 Street,Canal Street West,Canal Place,4951
69589,EAST 135 STREET,CANAL STREET WEST,PARK AVENUE,3347
69637,EAST 138 STREET,GRAND CONCOURSE,PARK AVENUE,34844
69639,EAST 138 STREET,GRAND CONCOURSE,PARK AVENUE,NA
69696,RIVER AVENUE,EAST 150 STREET,EAST 151 STREET,7367
69698,GERARD AVENUE,EAST 150 STREET,EAST 151 STREET,3895
69780,EAST 138 STREET,CANAL PLACE,RIDER AVENUE,17759
69836,East 149 Street,Morris Avenue,Park Avenue,20420
69976,MORRIS AVENUE,EAST 153 STREET,EAST 156 STREET,11996
69979,CONCOURSE VILLAGE WEST,EAST 156 STREET,EAST 156 STREET,4134
70010,EAST 134 STREET,ST ANNS AVENUE,ST ANN'S PLACE,2794
70015,134 Street,St. Anns Place,Bruckner Boulevard,7087
70087,COURTLANDT AVENUE,EAST 154 STREET,EAST 155 STREET,3094
70155,EAST 138 STREET,ST ANNS AVENUE,CYPRESS AVENUE,12358
70220,Melrose Avenue,East 153 Street,East 154 Street,10076
70223,MELROSE AVENUE,EAST 154 STREET,EAST 155 STREET,12023
70352,ST MARY'S STREET,BEEKMAN AVENUE,CYPRESS AVENUE,1636
70360,East 149 Street,Eagle Avenue,Cauldwell Avenue,15950
70362,EAST 149 STREET,CAULDWELL AVENUE,TRINITY AVENUE,13884
70364,BROOK AVENUE,EAST 152 STREET,EAST 153 STREET,4342
70374,WESTCHESTER AVENUE,EAGLE AVENUE,CAULDWELL AVENUE,9347
70376,3 Avenue,East 154 Street,East 155 Street,14177
70379,3 AVENUE,EAST 155 STREET,EAST 156 STREET,13270
70380,BROOK AVENUE,EAST 153 STREET,BERGEN AVENUE,4659
70394,ST ANNS AVENUE,EAST 156 STREET,EAST 157 STREET,5494
70395,EAST 156 STREET,ST ANNS PLACE,EAGLE AVENUE,7927
70586,EAST 161 STREET,EAGLE AVENUE,CAULDWELL AVENUE,NA
70607,EAST 163 STREET,EAGLE AVENUE,CAULDWELL AVENUE,14725
70612,Donnellon Square,149 Street,150 Street,3423
70616,ST NICHOLAS PLACE,150 STREET,151 STREET,6200
70734,FT WASHINGTON AVENUE,WEST 172 STREET,WEST 173 STREET,8334
70873,AMSTERDAM AVE,WEST 164 ST,WEST 165 ST,19274
70892,AUDUBON AVE,WEST 166 ST,WEST 167 ST,3433
70896,West 167 Street,Audubon Avenue,St. Nicholas Avenue,958
70931,AUDUBON AVE,WEST 172 ST,WEST 173 ST,4969
70939,BROADWAY,WEST 174 ST,WEST 175 ST,16145
70947,Wadsworth Avenue,West 175 Street,West 176 Street,3575
70953,St. Nicholas Avenue,West 175 Street,West 176 Street,12700
70957,ST NICHOLAS AVENUE,176 STREET,177 STREET,14265
71072,AMSTERDAM AVE,WEST 171 ST,WEST 172 ST,16922
71091,West 178 Street,Wadsworth Avenue,St. Nicholas Avenue,10603
71120,West 179 Street,St. Nicholas Avenue,Wadsworth Avenue,6833
71122,West 180 Street,Wadsworth Avenue,St. Nicholas Avenue,3782
71124,West 181 Street,St. Nicholas Avenue,Wadsworth Avenue,12406
71482,UNDERCLIFF AVENUE,SEDGWICK AVENUE,WEST 171 STREET,8349
71493,Sedgwick Avenue,West 167 Street,Cross Bronx Expressway,8871
71591,SHERIDAN AVENUE,EAST 156 STREET,EAST 161 STREET,5828
71645,OGDEN AVENUE,WEST 170 STREET,WEST 171 STREET,5878
71669,OGDEN AVENUE,WEST 171 STREET,DR MARTIN LUTHER KING JR BOULEVARD,7174
71729,SHERIDANA AVENUE,EAST 161 STREET,EAST 162 STREET,2195
71757,East 165 Street,Carroll Place,Sheridan Avenue,16631
71759,EAST 165 STREET,SHERIDAN AVENUE,SHERIDAN AVENUE,10272
71856,MACOMBS ROAD,CROMWELL AVENUE,GOBLE PLACE,8813
71976,EAST 167 STREET,SHERMAN AVENUE,GRANT AVENUE,12211
71980,EAST 169 STREET,SHERIDAN AVENUE,GRANT AVENUE,5951
72026,JEROME AVENUE,EAST 172 STREET,EAST MT EDEN AVENUE,15840
72149,EAST 170 STREET,SHERIDAN AVENUE,GRANT AVENUE,5966
72317,Morris Avenue,Mt. Eden Parkway,East 173 Street,8194
72320,MORRIS AVENUE,EAST 173 STREET,EAST 174 STREET,8383
72331,E 174 ST,MORRIS AVENUE,WEEKS AVENUE,3978
72335,CROSS BX EXPWY SER RD,MORRIS AVENUE,WEEKS AVENUE,2495
72435,WADSWORTH AVENUE,WEST 187 STREET,WEST 188 STREET,5299
72477,WADSWORTH AVENUE,WEST 188 STREET,WEST 189 STREET,4204
72596,DYCKMAN STREET,VERMILYEA AVENUE,SHERMAN AVENUE,14074
72608,BROADWAY,ACADEMY STREET,DYCKMAN STREET,24220
72860,CEDAR AVENUE,WEST 179 STREET,WEST FORDHAM ROAD,5400
72881,University Heights Bridge Approach,Harlem River Shoreline,9 Avenue,40676
72976,CEDAR AVENUE,WEST 182 STREET,WEST FORDHAM ROAD,NA
73096,DR M L KING JR BOULEVARD,WEST 183 STREET,WEST FORDHAM ROAD,NA
73101,WEST FORDHAM ROAD,LANDING ROAD,HAMPDEN PLACE,NA
73220,HENRY HUDSON PKWY,INDEPENDENCE AVE,W 232nd ST,58463
73294,HENRY HUDSON PKWY,W 235th ST,W 236th ST,59087
73426,JOHNSON AVENUE,HENRY HUDSON PARKWAY,238 STREET,656
73427,JOHNSON AVENUE,WEST 238 STREET,HENRY HUDSON PARKWAY,2218
73436,Riverdale Avenue,West 238 Street,West 239 Street,13081
73451,HENRY HUDSON PARKWAY E,JOHNSON AVENUE,WEST 239 STREET,4731
73466,WEST 239 STREET,RIVERDALE AVENUE,HENRY HUDSON PARKWAY,8781
73666,Laurel Hill Boulevard,58 Lane,50 Avenue,3497
73668,LAUREL HILL BOULEVARD,59 STREET,59 PLACE,7962
73836,MAURICE AVENUE,53 AVENUE,TYLER AVENUE,8990
73845,65 PLACE,62 STREET,53 AVENUE,7128
73961,GRAND AVENUE,HAMILTON PLACE,55 DRIVE,20867
74183,GRAND AVENUE,69 LANE,71 STREET,11931
74189,69 STREET,53 ROAD,53 DRIVE,12647
74191,69 Street,53 Road,53 Road,13226
74299,69 STREET,60 ROAD,60 DRIVE,NA
74304,ELIOT AVENUE,69 PLACE,69 STREET,11799
74309,ELIOT AVENUE,69 PLACE,69 LANE,NA
74501,CALDWELL AVENUE,72 STREET,74 STREET,4001
74503,73 STREET,QUEENS MIDTOWN EXPRESSWAY SB,58 AVENUE,67
74505,58 AVENUE,73 PLACE,74 STREET,473
75313,51 AVENUE,90 STREET,92 STREET,2681
75335,Corona Avenue,92 Street,93 Street,12656
75343,58 STREET,41 DRIVE,43 AVENUE,7106
75406,Broadway,55 Street,56 Street,18613
75414,BROADWAY,56 STREET,57 STREET,18018
76302,23 AVENUE,83 STREET,85 STREET,15922
76391,32nd AVE,85th ST,86th ST,5970
76502,32 AVENUE,88 STREET,89 STREET,NA
76510,31 AVENUE,87 STREET,88 STREET,NA
76533,ASTORIA BOULEVARD,25 AVENUE,91 STREET,30839
76605,ROOSEVELT AVENUE,92 STREET,ASKE STREET,NA
76607,ELMHURST AVENUE,92 STREET,93 STREET,NA
76617,NORTHERN BOULEVARD,90 STREET,91 STREET,NA
76623,34 AVENUE,91 STREET,92 STREET,NA
76719,WHITNEY AVENUE,ASKE STREET,ROOSEVELT AVENUE,3369
76740,ROOSEVELT AVENUE,93 STREET,WHITNEY AVENUE,19221
77187,BRUCKNER BOULEVARD,EAST 144 STREET,EAST 149 STREET,NA
77209,TINTON AVENUE,EAST 150 STREET,EAST 151 STREET,NA
77214,Prospect Avenue,Southern Boulevard,East 149 Street,2495
77221,SOUTHERN BOULEVARD,EAST 149 STREET,AVENUE ST JOHN,8090
77301,BRUCKNER BOULEVARD,AUSTIN PLACE,TIMPSON PLACE,NA
77328,LONGWOOD AVENUE,EAST 160 STREET,HEWITT PLACE,5512
77402,BRUCKNER BOULEVARD,EAST 156 STREET,LONGWOOD AVENUE,NA
77424,EAST 163 STREET,INTERVALE AVENUE,ROGERS PLACE,13247
77429,East 163 Street,Intervale Avenue,Kelly Street,17246
77498,GARRISON AVENUE,LONGWOOD AVENUE,BURNETT PLACE,NA
77523,BRUCKNER BOULEVARD,TIFFANY STREET,BARRETTO STREET,NA
78177,Webster Avenue,East Mt Eden Avenue,East 173 Street,23878
78275,TINTON AVENUE,EAST 166 STREET,HOME STREET,NA
78340,WASHINGTON AVENUE,EAST 173 STREET,EAST 174 STREET,6531
78342,3 AVENUE,EAST 172 STREET,EAST 173 STREET,13210
78404,EAST TREMONT AVENUE,ANTHONY AVENUE,EAST 176 STREET,19450
78452,EAST 169 STREET,TINTON AVENUE,UNION AVENUE,7244
78481,PROSPECT AVENUE,JENNINGS STREET,EAST 170 STREET,7040
78502,FULTON AVENUE,EAST 172 STREET,EAST 173 STREET,4720
78529,WASHINGTON AVENUE,EAST 175 STREET,EAST 176 STREET,6867
78760,SOUTHERN BOULEVARD,JENNINGS STREET,EAST 172 STREET,6619
78800,E 176 ST,MARMION AVENUE,PROSPECT AVENUE,1303
78805,FAIRMONT PL,MARMION AVENUE,PROSPECT AVENUE,966
78877,WESTCHESTER AVENUE,EAST 167 STREET,HOME STREET,20697
78940,EAST 174 STREET,HOE AVENUE,VYSE AVENUE,8872
79098,EAST 174 STREET,LONGFELLOW AVENUE,BOONE AVENUE,10944
79350,HARROD AVENUE,EAST 174 STREET,CROSS BRONX EXPRESSWAY,NA
79377,East 177 Street,East Tremont Avenue,Devoe Avenue,19692
79382,EAST TREMONT AVENUE,EAST 177 STREET,DEVOE AVENUE,12549
79388,EAST TREMONT AVENUE,DEVOE AVENUE,BRONX PARK AVENUE,20475
79489,FTELEY AVENUE,EAST 174 STREET,BRONX RIVER PKWY NB ET 4 N-S,NA
79732,EAST 181 STREET,ANTHONY AVENUE,RYER AVENUE,NA
79757,JEROME AVENUE,EAST 184 STREET,EAST FORDHAM ROAD,9166
79904,VALENTINE AVENUE,EAST 188 STREET,EAST FORDHAM ROAD,6362
79934,EAST KINGSBRIDGE ROAD,MORRIS AVENUE,JEROME AVENUE,18977
80272,ARTHUR AVENUE,EAST 189 STREET,EAST FORDHAM ROAD,NA
80377,CROTONA AVENUE,EAST 187 STREET,EAST 189 STREET,8782
80468,MOSHOLU PARKWAY,BAINBRIDGE AVENUE,VAN CORTLANDT AVENUE EAST,NA
80491,JEROME AVENUE,EAST MOSHOLU PARKWAY NORTH,MOSHOLU PARKWAY,16153
80494,MOSHOLU PARKWAY,GRAND CONCOURSE,GRAND CONCOURSE,21098
81165,BROADWAY,WEST 259 STREET,WEST 260 STREET,18789
81306,JEROME AVENUE,EAST 212 STREET,EAST 213 STREET,NA
81354,BAINBRIDGE AVENUE,EAST 212 STREET,EAST 213 STREET,NA
81384,WEBSTER AVENUE,EAST 233 STREET,EAST GUN HILL ROAD,9021
81409,VAN CORTLANDT PARK EAST,EAST 239 STREET,EAST 240 STREET,NA
81417,RIVERDALE AVENUE,WEST 260 STREET,WEST 261 STREET,9510
81591,59 AVENUE,92 STREET,94 STREET,NA
81633,CORONA AVENUE,ALSTYNE AVENUE,94 STREET,NA
81637,CORONA AVENUE,94 STREET,JUNCTION BOULEVARD,13849
81694,63 Drive,Austin Street,Wetherole Street,10080
81722,Junction Boulevard,Horace Harding Expressway,62 Drive,12762
81815,63 DRIVE,WETHEROLE STREET,BOOTH STREET,9448
82326,108 Street,62 Avenue,Apex Place,16999
82335,108 STREET,62 DRIVE,63 AVENUE,13569
82507,GRAND CENTRAL PARKWAY,62 DRIVE,62 AVENUE,3153
82920,Van Wyck Expressway Exit 11 SB,East Meadow Lake Bridge,Jewel Avenue,17223
83650,114 STREET,ASTORIA BOULEVARD,NORTHERN BOULEVARD,NA
84009,126 STREET,37 AVENUE,38 AVENUE,NA
84369,COLLEGE POINT BOULEVARD,KING ROAD,36 ROAD,18244
84407,COLLEGE POINT BOULEVARD,34 AVENUE,35 AVENUE,NA
85792,ROSEDALE AVENUE,EAST 174 STREET,CROSS BRONX EXPRESSWAY,NA
85801,EAST 174 STREET,COMMONWEALTH AVENUE,ST LAWRENCE AVENUE,NA
85912,BRONX PARK EAST,BRADY AVENUE,MARAN PLACE,20944
86118,WESTCHESTER AVENUE,WHITE PLAINS ROAD,HUGH J GRANT CIRCLE,6994
86360,PAULDING AVENUE,LYDIG AVENUE,NEILL AVENUE,1615
86541,BRUCKNER BOULEVARD,CASTLE HILL AVENUE,HAVEMEYER AVENUE,6411
86554,CASTLE HILL AVENUE,CHATTERTON AVENUE,BLACKROCK AVENUE,NA
86910,ZEREGA AVENUE,HERMANY AVENUE,STORY AVENUE,NA
87423,HUTCHINSON RIVER PKWY,LAURIE AVENUE,ST THERESA AVENUE,2141
87447,BRONX PARK EAST,MARAN PLACE,LYDIG AVENUE,20945
87453,WHITE PLAINS ROAD,LYDIG AVENUE,PELHAM PARKWAY,11248
87459,BOSTON ROAD,BRONX PARK EAST,PELHAM PARKWAY,23568
87479,PELHAM PARKWAY SOUTH,WHITE PLAINS ROAD,CRUGER AVENUE,7931
87483,Pelham Parkway,White Plains Road,Cruger Avenue,5225
87615,BRONX BOULEVARD,EAST 213 STREET,EAST 216 STREET,NA
87636,PELHAM PARKWAY NORTH,HOLLAND AVENUE,WALLACE AVENUE,2730
87648,ASTOR AVENUE,BARNES AVENUE,MATTHEWS AVENUE,3572
87808,Bronxwood Avenue,Mace Avenue,Allerton Avenue,2297
87818,ALLERTON AVENUE,BRONXWOOD AVENUE,RADCLIFF AVENUE,9203
87901,ESPLANADE,HONE AVENUE,LURTING AVENUE,1185
87949,WILLIAMSBRIDGE ROAD,ALLERTON AVENUE,RADCLIFF AVENUE,5125
88020,BRONXWOOD AVENUE,EAST 215 STREET,EAST 214 STREET,8288
88022,BRONXWOOD AVENUE,EAST 215 STREET,EAST 216 STREET,NA
88031,Lydig Avenue,Tomlinson Avenue,Willamsbridge Road,4763
88039,NEILL AVENUE,HERING AVENUE,TENBROECK AVENUE,3027
88048,WILLIAMSBRIDGE ROAD,LYDIG AVENUE,PELHAM PARKWAY,22409
88097,LACONIA AVENUE,ARNOW AVENUE,ADEE AVENUE,2570
88106,LACONIA AVENUE,ADEE AVENUE,BURKE AVENUE,NA
88121,BURKE AVENUE,TENBROECK AVENUE,PEARSALL AVENUE,NA
88137,LACONIA AVENUE,EAST 213 STREET,EAST 214 STREET,NA
88159,NEILL AVENUE,TENBROECK AVENUE,NARRAGANSETT AVENUE,2482
88277,EAST GUN HILL ROAD,THROOP AVENUE,BOUCK AVENUE,NA
88296,BOSTON ROAD,FISH AVENUE,WILSON AVENUE,20488
88298,BOSTON ROAD,FISH AVENUE,SEYMOUR AVENUE,18391
88431,EASTCHESTER ROAD,MC DONALD STREET,RHINELANDER AVENUE,16166
88518,EASTCHESTER ROAD,GIVAN AVENUE,TILLOTSON AVENUE,NA
88574,STILLWELL AVENUE,MC DONALD STREET,RHINELANDER AVENUE,5675
88779,BARTOW AVENUE,WICKHAM AVENUE,BRUNER AVENUE,NA
88781,BARTOW AVENUE,ELY AVENUE,BRUNER AVENUE,19968
88826,BAYCHESTER AVENUE,TILLOTSON AVENUE,ELEVATED BRIDGE,19158
88831,BAYCHESTER AVENUE,GIVAN AVENUE,TILLOTSON AVENUE,NA
88880,BRONX BOULEVARD,EAST 219 STREET,EAST 216 STREET,4971
88927,WEBSTER AVENUE,EAST 233 STREET,EAST 234 STREET,16354
89015,East 233 Street,Webster Avenue,Bronx River Parkway,36149
89142,NEREID AVENUE,BULLARD AVENUE,BRONX BOULEVARD,NA
89274,EAST 241 STREET,CARPENTER AVENUE,BRONX BOULEVARD,NA
89278,EAST 241 STREET,CARPENTER AVENUE,MATILDA AVENUE,NA
89398,WHITE PLAINS ROAD,ST OUEN STREET,PENFIELD STREET,NA
89600,PITMAN AVENUE,WILDER AVENUE,MURDOCK AVENUE,9099
89603,PITMAN AVENUE,MURDOCK AVENUE,HILL AVENUE,NA
89610,EAST 241 STREET,HILL AVENUE,MURDOCK AVENUE,3892
89614,NEREID AVENUE,HILL AVENUE,MONTICELLO AVENUE,NA
89822,Horace Harding Expressway SR,134 Street,135 Street,7101
89865,JEWEL AVE,136 STREET,138 STREET,12837
90062,MAIN STREET,GRAVETT ROAD,MELBOURNE AVENUE,13837
90253,UNION TURNPIKE,ENTRANCE INTO UNION TPKE,141 STREET,12359
90259,141 STREET,UNION TURNPIKE,UNION TURNPIKE,11293
90815,164 STREET,67 AVENUE,69 AVENUE,13683
91014,BOOTH MEMORIAL AVENUE,COLLEGE POINT BOULEVARD,133 STREET,NA
91029,COLLEGE POINT BOULEVARD,AVERY AVENUE,FOWLER AVENUE,NA
91191,MAIN STREET,37 AVENUE,38 AVENUE,NA
91313,UNION STREET,37 AVE,39 AVE,15776
91315,Union Street,39 Avenue,Roosevelt Avenue,14993
91423,PARSONS BOULEVARD,NORTHERN BOULEVARD,37 AVENUE,13589
91425,PARSONS BOULEVARD,37 AVENUE,38 AVENUE,12747
91529,SANFORD AVE,147 STREET,149 STREET,9430
91535,ROOSEVELT AVE,147 STREET,149 STREET,6394
93536,CALHOUN AVENUE,DEWEY AVENUE,CROSS BRONX EXPRESSWAY,NA
93606,EAST TREMONT AVENUE,MILES AVENUE,LAWTON AVENUE,NA
93653,EAST TREMONT AVENUE,HARDING AVENUE,SILVER BEACH PLACE,2228
93757,EAST 177 STREET,HARDING AVENUE,LAWTON AVENUE,3880
93870,PENNYFIELD AVENUE,GIEGERICH PLACE,GLENNON PLACE,NA
93887,PENNYFIELD AVENUE,MULLEN PLACE,HARDING AVENUE,6629
94154,LAFAYETTE AVENUE,EAST 177 STREET,HUTCHINSON RIVER PARKWAY,8168
94468,WESTCHESTER AVENUE,ARNOW PLACE,SANDS PLACE,8491
94485,Bruckner Boulevard,Arnow Place,Sands Place,7838
94486,BRUCKNER BOULEVARD,SANDS PLACE,WILKINSON AVENUE,11025
94639,Bruckner Expressway,Sands Place,Arnow Place,8163
95195,WESTCHESTER AVENUE,BURR AVENUE,BRUCKNER BOULEVARD,14818
95270,LEXINGTON AVENUE,121ST ST,120TH ST,11553
95433,Pelham Bridge,Bruckner Expressway,City Island Road,19332
95624,Dyre Avenue,West kingsbridge Road,Dark Street,9441
95712,CONNER STREET,HOLLERS AVENUE,BOSTON ROAD,NA
96010,FRESH MEADOW LANE,HORACE HARDING EXPRESSWAY,65 AVENUE,2917
96042,HOMELAWN STREET,84 AVE,84 ROAD,11765
96120,UTOPIA PARKWAY,65 AVENUE,67 AVENUE,11255
96504,Horace Harding Expressway SR,193 Street,192 Street,7391
96615,73 AVENUE,194 STREET,195 STREET,9751
96629,73 AVENUE,195 STREET,196 STREET,6217
96661,188 STREET,HENLEY ROAD,87 ROAD,13721
96671,188 STREET,RIO DRIVE,HENLEY ROAD,28340
96707,UNION TURNPIKE,195 STREET,196 STREET,14932
96940,FRANCIS LEWIS BOULEVARD,EPSOM COURSE,204 STREET,15918
97278,HOLLIS COURT BLVD,189 STREET,47 AVE,11024
97285,47 AVENUE,190 STREET,192 STREET,NA
97302,45 AVENUE,193 STREET,192 STREET,3385
97306,NORTHERN BOULEVARD,190 STREET,191 STREET,32554
97309,NORTHERN BOULEVARD,191 STREET,192 STREET,NA
97387,UNDERHILL AVE,53 AVE,58 AVE,1798
97405,58 AVENUE,192 STREET,UNDERHILL AVENUE,6472
97455,45 AVENUE,194 STREET,195 STREET,NA
97486,FRANCIS LEWIS BOULEVARD,STATION ROAD,42 AVENUE,NA
97492,35 AVE,200 STREET,CROCHERON AVE,12183
97521,35 AVENUE,203 STREET,202 STREET,10866
97525,35 AVENUE,203 STREET,204 STREET,NA
97537,56 AVE,194 STREET,195 STREET,657
97825,Clearview Expressway SR,38 Avenue,39 Avenue,2737
98006,NORTHERN BOULEVARD,209 STREET,OCEANIA STREET,35843
98008,NORTHERN BOULEVARD,OCEANIA STREET,CORPORAL KENNEDY STREET,35097
98013,NORTHERN BOULEVARD,CORPORAL KENNEDY STREET,210 STREET,NA
98338,BELL BOULEVARD,45 DRIVE,46 AVENUE,NA
98540,SPRINGFIELD BOULEVARD,219 STREET,46 AVENUE,NA
98876,26 AVE,200 STREET,202 STREET,9757
100159,212 Street,Whitehall Terrace,Hillside Avenue,19636
100274,HILLSIDE AVENUE,214 STREET,VANDERVEER STREET,24322
100288,HILLSIDE AVENUE,VANDERVEER STREET,215 STREET,21692
100527,SPRINGFIELD BOULEVARD,89 AVENUE,90 AVENUE,9920
100656,BRADDOCK AVENUE,BILLINGS STREET,90 AVENUE,9028
100794,Winchester Boulevard,88 Avenue,88 Avenue,4486
101036,BELL BOULEVARD,67 AVENUE,68 AVENUE,5240
101166,SPRINGFIELD BOULEVARD,64 AVENUE,67 AVENUE,8547
101614,MARYLAND RD,DOUGLASTON PKWY,HANFORD ST,189
101621,Douglaston Parkway,Maryland Road,Van Zandt Avenue,10518
101628,DOUGLASTON PARKWAY,52 AVENUE,THORNHILL AVENUE,12566
101668,DOUGLASTON PARKWAY,68 AVENUE,69 AVENUE,6290
101855,MARATHON PKWY,DEEPDALE AVE,RUSHMORE AVE,6505
101928,Marathon Parkway,60 Avenue,61 Avenue,4718
102036,MARATHON PKWY,61 AVE,63 AVE,5509
102098,Bates Road,Concord Street,Nassau County Line,3161
102398,LITTLE NECK PARKWAY,PEMBROKE AVENUE,WEST END DRIVE,17290
102486,Cross Island Parkway SR,87 Avenue,88 Avenue,1592
102582,Cross Island Parkway SR,87 Avenue,88 Avenue,1599
102597,COMMONWEALTH BOULEVARD,86 AVENUE,86 ROAD,4823
102625,COMMONWEALTH BOULEVARD,86 AVENUE,85 ROAD,5303
102849,LITTLE NECK PARKWAY,86 AVENUE,87 AVENUE,6499
103053,LITTLE NECK PARKWAY,58 AVENUE,59 AVENUE,10657
103498,164 Street,Chapin Parkway,84 Avenue,11129
103545,WOOLLEY AVENUE,WESTWOOD AVENUE,DAWSON STREET,16031
105624,FINGERBOARD ROAD,CLEVELAND PLACE,COLUMBIA AVENUE,9153
105952,East Drive,Parade Place,St. Pauls Place,1031
106040,Wanamaker Place,Lafayette Street,Broadway,8027
106044,East 23 Street,Broadway,Madison Avenue,21882
106115,Columbus Circle,Broadway,8 Avenue,27988
106265,Riverside Drive,163 Street,West 165 Street,15977
106666,North Conduit Avenue,140 Street,142 Street,18214
106890,39 Avenue,50 Street,51 Street,6835
106891,39 Avenue,50 Street,51 Street,7716
106892,51 STREET,39 AVENUE,SKILLMAN AVENUE,3235
106919,MORRIS AVENUE,CONCOURSE VILLAGE EAST,EAST 156 STREET,15833
106931,WEST 155 ST,ST NICHOLAS AVE,EDGECOMBE AVE,20564
107111,SOUTHERN BOULEVARD,ALDUS STREET,EAST 163 STREET,10933
107126,Tinton Street,Home Street,168 Street,2907
107183,Moshoulu Parkway,Van Courtlandt Avenue East,Grand Concourse,18386
107711,LITTLE NECK PARKWAY,60 AVENUE,61 AVENUE,10166
107937,Delafield Ave,Clove Rd,Raymond Place,NA
107956,HYLAN BLVD,NARROWS RD SO,STEUBEN ST,NA
107980,Arthur Kill Road,Token Street,Crossfield Avenue,14209
108082,VAN BRUNT ST,CENSUS BOUNDARY,DE GRAW ST,NA
108388,ARTHUR KILL ROAD,ENGLEWOOD AVENUE,SHARROTTS ROAD,5232
108665,73 PLACE SLIP LANE,COOPER AVENUE,CENTRAL AVENUE,4646
108716,1 AVE,EAST 120 ST,EAST 124 ST,23611
108794,PROSPECT AVENUE,EAST 152 STREET,AVENUE ST JOHN,5087
108866,BAINBRIDGE AVENUE,213 STREET,JEROME AVENUE,8112
109335,FLUSHING AVE,THORNTON ST,WHIPPLE ST,13154
109429,ROOSEVELT AVENUE,57 STREET,58 STREET,16322
109457,MAURICE AVENUE,65 STREET,51 ROAD,6823
109759,EVERTON AVENUE,WOODROW ROAD,SPERRY PLACE,479
109816,10 AVENUE,67 STREET,68 STREET,5390
110262,GLEN STREET,BLOOMFIELD AVENUE,FAHY AVE,4994
110263,Glen Street,Lois Lane,South Avenue,5090
110418,Ralph Avenue,Sumpter Street,Mac Dougal Street,18984
110444,BROADWAY,PILLING STREET,MARION STREET,9495
110445,BROADWAY,GRANITE STREET,PILLING STREET,11208
110463,GRAND AVE,CATHERINE ST,OLIVE ST,14874
110630,PARK AVENUE VIADUCT,EAST 42 STREET,43 STREET,24606
110789,Rockland Avenue,Brielle Avenue,Manor Road,15152
110941,Lafayette Street,Spring Street,Prince Street,11984
110942,Lafayette Street,Prince Street,Spring Street,12492
111203,Exterior Street,East 138 Street,East 135 Street,23711
111224,AMSTERDAM AVE,WEST 167 ST,WEST 168 ST,15231
111329,ROOSEVELT AVENUE,56 STREET,57 STREET,11163
111515,MYRTLE AVENUE,FREEDOM DRIVE,108 STREET,NA
111646,NOSTRAND AVENUE,FARRAGUT ROAD,FOSTER AVENUE,7470
111919,Eastchester Road,East Gun Hill Road,Adee Avenue,10177
112135,Amboy Rd,Beach Ave,3rd St,17557
112136,AMBOY ROAD,3 STREET,DALE AVENUE,15706
112206,Todt Hill Road,Sussex Avenue,Ocean Terrace,19607
112418,LITTLE CLOVE ROAD,CLOVE ROAD,ONEIDA AVENUE,5098
112431,RICHMOND ROAD,BALTIC AVENUE,CLOVE ROAD,15257
112566,VAN DUZER STREET,JAKE COURT,BROAD STREET,8213
112567,VAN DUZER STREET,JAKE COURT,MAXIE COURT,NA
112603,BEDFORD AVENUE,LENOX ROAD,CATON AVENUE,14103
112817,111 AVENUE,140 STREET,141 STREET,4514
113134,Sedgwick Avenue,West Fordham Road,West 183 Street,11828
113361,58 Street,Northern Boulevard,34 Avenue,2371
113432,Elmhurst Avenue,91 Street,92 Street,1895
113476,WEBSTER AVENUE,CLAY AVENUE,EAST MT EDEN AVENUE,19587
113914,Roosevelt Avenue,Janet Place,Van Wyck Expressway,8803
114236,Westchester Avenue,Wilkinson Avenue,Continental Avenue,7306
114825,TARGEE STREET,RICHMOND ROAD,COLUMBUS AVENUE,11148
114869,HYLAN BLVD,OLGA PL,STEUBEN ST,NA
114953,Van Duzer Street,Stone Street,Court Street,6175
115284,79 Street Transverse,5 Avenue,East Drive,36599
115296,86 Street Transverse,5 Avenue,East Drive,13677
115821,94 Avenue,Van Wyck Expressway,138 Place,13448
116269,225 STREET,114 ROAD,115 AVENUE,1091
116416,LOUIS NINE  BOULEVARD,BOSTON ROAD,EAST 170 STREET,6770
116587,EAST GUN HILL ROAD,GIVAN AVENUE,PEARSALL AVENUE,16192
116588,EAST GUN HILL ROAD,PEARSALL AVENUE,THROOP AVENUE,17385
116598,EAST 222 STREET,WICKHAM AVENUE,BRUNER AVENUE,NA
116849,37 Avenue,Parsons Boulevard,147 Street,11742
117242,200 STREET,36 AVENUE,FRANCIS LEWIS BOULEVARD,1013
117714,97 Street Transverse,5 Avenue,East Drive,15125
117965,Roosevelt Avenue,Janet Place,Van Wyck Expressway,9597
118248,KOREAN WAR VETS PARKWAY SR,HEENAN AVENUE,ALBEE AVENUE,1289
118249,DRUMGOOLE ROAD EAST,IONIA AVENUE,IONIA AVENUE,1312
118494,RICHMOND ROAD,RALPH PLACE,SPRING STREET,14416
119021,ROCKAWAY BOULEVARD,148 AVENUE,175 STREET,50437
119639,Little Neck Parkway,West End Drive,Annadale Lane,13739
119642,Little Neck Parkway,Bates Road,Bates Road,15236
119816,SOUTHERN BOULEVARD,CROTONA PARK EAST,EAST 175 STREET,10004
119848,Center Drive,West Drive,Nethermead Arches,403
119858,Hylan Blvd,Dole St,Poillon Ave,25804
119860,GRAND AVENUE,REMSEN PLACE,66 STREET,21712
120482,BLOOMINGDALE ROAD,MARISA CIRCLE,WOODROW ROAD,12625
120618,CROPSEY AVE,7th AVE,14th AVE,10658
120627,5 Avenue,65 Street,Gowanus Expressway,10216
120687,Shore Parkway,East 14 Street,East 13 Street,10643
120740,COLUMBUS AVE,WEST 103 ST,WEST 100 ST,13386
121069,CROTONA AVENUE,CLAREMONT PARKWAY,CROTONA PARK NORTH,9169
121125,VAN CORTLANDT AVENUE EAST,ST GEORGE'S CRESCENT,EAST MOSHOLU PARKWAY SOUTH,NA
121148,WEST GUN HILL ROAD,MOSHOLU PARKWAY,WEST MOSHOLU PARKWAY NORTH,15245
122248,GRAND CENTRAL PARKWAY RIGHT ROADWAY,UNION TURNPIKE,42 AVENUE,37166
122461,8 AVE,BUTLER ST,DOUGLAS ST,NA
126531,DRUMGOOLE ROAD WEST,ANNADALE ROAD,WATKINS AVENUE,3287
126615,MARTLING AVENUE,BROOKSIDE AVENUE,BROOKS POND PLACE,10444
126961,COLONIAL ROAD,WAKEMAN PLACE,68 STREET,3831
126962,Colonial Road,67 Street,Senator Street,4204
127200,51 STREET,19 AVENUE,20 AVENUE,1342
127573,Dekalb Avenue,Tompkins Avenue,Throop Avenue,7394
127961,East 36 Street,Quentin Road,Avenue R,2581
128569,CYPRESS AVENUE,SUYDAM STREET,ALLEY,9231
128570,CYPRESS AVENUE,SUYDAM STREET,HART STREET,9851
128571,Cypress Avenue,Suydam Street,Hart Street,10361
128674,Remsen Avenue,Stillwells Place,Avenue L,13995
128838,Euclid Avenue,Blake Avenue,Dumont Avenue,6255
129029,METROPOLITAN AVENUE,PARK LINE SOUTH,FOREST PARK DRIVE,20838
129127,Linden Boulevard,144 Street,145 Street,14473
129486,115 ROAD,205 STREET,FRANCIS LEWIS BLVD,259
129650,VERNON BLVD,33rd RD,35th AVE,9793
130064,65 Place,53 Drive,53 Avenue,7106
130067,65 Place,53 Drive,53 Avenue,8151
130569,32 AVENUE,86 STREET,87 STREET,6487
130630,88 STREET,30 AVENUE,31 AVENUE,2251
130633,31 AVENUE,88 STREET,ALLEY,6649
131907,47 Avenue,190 Street,189 Street,4972
132490,Henry Hudson Parkway,Dyckman Street,Henry Hudson Bridge,29093
132595,WHITE PLAINS ROAD,EAST 215 STREET,EAST 216 STREET,9938
132712,EDSON AVENUE,NEW ENGLAND TY SB EN EDSON AVE,BARTOW AVENUE,NA
132790,LAUREL HILL BOULEVARD,58 STREET,58 PLACE,8915
132816,Baychester Avenue,Bartow Avenue,Hutchinson River Parkway,4730
132818,F D R DRIVE,STANTON STREET,DELANCEY STREET,61606
132874,Queens Boulevard,Long Island Expressway,62 Avenue,8258
133015,Little Neck Parkway,87 Avenue,87 Terrace,3969
133016,Little Neck Parkway,87 Avenue,87 Road,4337
133153,Northern Boulevard,Collins Place,Kings Road,26505
133218,FDR Drive,East 42 Street,East 43 Street,71939
133253,188 Street,64 Avenue,Horace Harding Expressway SR,7257
133254,188 Street,Horace Harding Expressway SR,64 Avenue,7587
133279,EAST FORDHAM ROAD,BRONX RIVER SHORELINE,PELHAM PARKWAY,32982
133472,BRUCKNER EXPRESSWAY,LONGFELLOW AVENUE,BRYANT AVENUE,13856
133554,Belt Parkway,South Conduit Avenue,Cohancy Street,72261
133710,East Tremont Avenue,Anthony Avenue,Monroe Avenue,4519
133711,East Tremont Avenue,Anthony Avenue,Monroe Avenue,5249
133942,65 STREET,5 AVENUE,6 AVENUE,18587
133951,Washington Bridge,Harlem River Shoreline,Harlem River Shoreline,32294
133984,7 AVE,WEST 148 ST,WEST 149 ST,13652
134071,Van Wyck Expressway,East Meadow Lake Bridge,Jewel Avenue,55378
134170,F D R DRIVE,30 STREET,34 STREET,131728
134372,Queens Boulevard,Union Turnpike,80 Road,2856
134461,Southern Boulevard,East Fordham Road,East Fordham Road,12524
134552,Grand Central Parkway,193 Street,Cunningham Park SR,71723
134555,FDR Drive,East 130 Street,East 129 Street,54918
134660,Woodhaven Boulevard,73 Avenue,74 Avenue,21925
134878,North Conduit Avenue,Tahoe Street,Raleigh Street,30255
135046,North Boundary Road,North Hangar Road,JFK Expressway,4845
135047,North Boundary Road,North Hangar Road,JFK Expressway,2929
135231,Cypress Hills Street,Jamaica Avenue,Jackie Robinson Parkway,10096
135232,Cypress Hills Street,Jackie Robinson Parkway,Jamaica Avenue,8543
135240,Merrick Boulevard,Farmers Boulevard,Belknap Street,14398
135278,164 STREET,67 AVE,69 AVE,14542
135496,Rockaway Boulevard,150 Road,North Boundary Road,25587
135507,Rockaway Boulevard,Brookville Boulevard,Brookville Boulevard,31818
135514,MAJOR DEEGAN EXPRESSWAY,MOSHOLU PARKWAY,VAN CORTLANDT PARK SOUTH,65769
135515,MAJOR DEEGAN EXPRESSWAY,MOSHOLU PARKWAY,VAN CORTLANDT PARK SOUTH,63381
135746,Rockaway Boulevard,Brookville Boulevard,Brookville Boulevard,32697
135759,Prospect Expressway,Caton Avenue,Albemarle Road,39485
135767,Prospect Expressway,Caton Avenue,Albemarle Road,32214
136049,FDR Drive,Stanton Street,East Houston Street,46001
136191,Rockaway Boulevard,North Boundary Road,150 Road,26403
136481,Ocean Parkway,Avenue T,Avenue S,1924
136482,Ocean Parkway,Avenue S,Avenue T,1327
136521,Cross Bronx Expressway,Rosedale Avenue,Commonwealth Avenue,54765
136522,Cross Bronx Expressway,Rosedale Avenue,Commonwealth Avenue,75421
136535,Main Street,63 Avenue,Gravett Road,7374
136625,FDR Drive,57 Street,56 Street,77067
136626,FDR Drive,57 Street,56 Street,53937
136635,F D R DRIVE,SUTTON SQUARE,EAST 57 STREET,76261
136707,Bruckner Boulevard,St. Anns Avenue,St. Anns Place,12140
136708,Bruckner Boulevard,St. Anns Avenue,St. Anns Place,25458
136814,Canal Street,Manhattan Bridge Approach,Bowery,7739
136836,BELT PARKWAY,BODY OF WATER,ERSKINE STREET,72706
137212,Woodhaven Boulevard,95 Avenue,95 Street,19910
137213,Woodhaven Boulevard,95 Avenue,95 Street,23335
137516,Washington Bridge,Harlem River Shoreline,Harlem River Shoreline,25097
137522,LONG ISLAND EXPRESSWAY,57 AVENUE,254 STREET,93511
137523,LONG ISLAND EXPRESSWAY,57 AVENUE,254 STREET,94637
137748,F D R DRIVE,29 STREET,26 STREET,127834
137757,LONG ISLAND EXPRESSWAY,188 STREET,189 STREET,78750
137771,CLEARVIEW EXPRESSWAY,39 AVENUE,BOYCE AVENUE,46617
137907,GOWANUS EXPRESSWAY,BAY RIDGE PARKWAY,76 STREET,55734
137913,Gowanus Expressway,72 Street Pedestrian Overpass,73 Street,31908
138222,31 Avenue,131 Street,Whitestone Expressway,4633
138288,Van Wyck Expressway,105 Avenue,LibertyAvenue,92116
138375,Cross Island Parkway,87 Avenue,88 Avenue,79076
138467,Long Island Expressway,134 Street,135 Street,76618
138811,BELT PARKWAY,26 STREET,DOOLEY STREET,71564
138812,BELT PARKWAY,26 STREET,DOOLEY STREET,71683
138878,ED KOCH QUEENSBORO BRIDGE LOWER LEVEL INNER ROADWAY,ROOSEVELT ISLAND SHORELINE,QN-NY CNTY SHORELINE,38883
138879,ED KOCH QUEENSBORO BRIDGE LOWER,ROOSEVELT ISLAND SHORELINE,QN-NY CNTY SHORELINE,46784
138880,ED KOCH QUEENSBORO BRIDGE UPPER LEVEL,ROOSEVELT ISLAND SHORELINE,QN-NY CNTY SHORELINE,37494
139027,Bruckner Boulevard,Havemeyer Avenue,Castle Hill Avenue,40015
139031,Bruckner Boulevard,Havemeyer Avenue,Castle Hill Avenue,24198
139037,BRUCKNER EXPRESSWAY,OLMSTEAD AVENUE,CASTLE HILL AVENUE,57767
139175,CROSS ISLAND PARKWAY,70 AVENUE,244 STREET,49164
139176,CROSS ISLAND PARKWAY,70 AVENUE,244 STREET,56852
139249,CROSS ISLAND PARKWAY,50 AVENUE,53 AVENUE,69391
139303,BRONX RIVER PARKWAY,BOSTON ROAD,ENTRANCE,105033
139317,Van Wyck Expressway,East Meadow Lake Bridge,Jewel Avenue,40829
139555,PARK AVE,58th ST,59th ST,34511
139618,Bronx River Parkway,East Gun Hill Road,Bronx River,39318
139620,Bronx River Parkway,Bronx River,East Gun Hill Road,44783
139657,BRONX RIVER PARKWAY,MORRIS PARK AVENUE,BRONXDALE AVENUE,97411
139707,Bronx River Parkway,222 Street,221 Street,50603
139708,Bronx River Parkway,222 Street,221 Street,56990
139743,BRONX RIVER PARKWAY,MORRIS PARK AVENUE,BRONXDALE AVENUE,59272
139898,Major Deegan Expressway,Van Cortlandt Avenue West,Mosholu Parkway,71695
139997,CROSS ISLAND PARKWAY,164 STREET,165 STREET,37749
140015,CROSS ISLAND PARKWAY,164 STREET,165 STREET,41268
140093,BRONX RIVER PARKWAY,EAST 174 STREET,172 STREET,38534
140108,BELT PARKWAY,STILLWELL AVENUE BRIDGE,SHELL ROAD,71167
140111,BELT PARKWAY,STILLWELL AVENUE BRIDGE,SHELL ROAD,73254
140353,Belt Parkway,South Conduit Avenue,Cohancy Street,70077
140401,WASHINGTON BRIDGE,MAHATTAN END,BRONX END,31386
140405,WASHINGTON BRIDGE,MAHATTAN END,BRONX END,33919
140442,BQE,63 Street,64 Street,45959
140473,BQE,59 Place,59 Street,50441
140479,BROOKLYN QUEENS EXRESSPWAY,59 STREET,60 STREET,48347
140481,JACKIE ROBINSON PARKWAY,WOODHAVEN BOULEVARD,71 AVENUE,49810
140482,JACKIE ROBINSON PARKWAY,WOODHAVEN BOULEVARD,71 AVENUE,47492
140632,SHORE PARKWAY,25 AVENUE,BAY 41 STREET,69224
140775,Ed Koch Queensboro Bridge,West Main Street,East Main Street,42512
140776,Ed Koch Queensboro Bridge,West Main Street,East Main Street,34937
140777,Ed Koch Queensboro Bridge,West Main Street,East Main Street,41015
140783,Cross Bronx Expressway,Prospect Avenue,Marmion Avenue,66495
140788,CROSS BRONX EXPRESSWAY,BOSTON ROAD,CROTONA PARKWAY,71237
140792,BOSTON ROAD,176 STREET,CROSS BRONX EXPRESSWAY,4254
140793,CROSS BRONX EXPRESSWAY,BOSTON ROAD,CROTONA PARKWAY,86583
140995,JACKIE ROBINSON PARKWAY,CYPRESS HILLS STREET,FOREST PARK DRIVE,44509
141188,Holland Tunnel,New Jersey,Pier,48002
141190,Holland Tunnel,New Jersey,Pier,48153
141367,JACKIE ROBINSON PARKWAY,BULWER PLACE,VERMONT PLACE,37540
141368,JACKIE ROBINSON PARKWAY,BULWER PLACE,VERMONT PLACE,32383
141408,Cross Bronx Expressway,Noble Avenue,Rosedale Avenue,79845
141585,WEST STREET,NORTH MOORE STREET,HUBERT STREET,31405
141607,BQE,Northern Boulevard,34 Avenue,55584
141611,BQE,Northern Boulevard,34 Avenue,60924
141740,MOSHOLU PARKWAY,MAJOR DEEGAN EXPRESSWAY,VAN COURTLANDT PARK SOUTH,12517
141753,LONG ISLAND EXPRESSWAY,JUNCTION BOULEVARD,97 STREET,77017
141787,Clearview Expressway SR,39 Avenue,38 Avenue,2069
141846,BELT PARKWAY,BODY OF WATER,ERSKINE STREET,67016
142231,WEST SHORE EXPRESSWAY,EDWARD CURRY AVENUE,SOUTH AVENUE,85337
142279,HENRY HUDSON PARKWAY,120 STREET,122 STREET,57141
142280,HENRY HUDSON PARKWAY,120 STREET,122 STREET,57604
142386,LONG ISLAND EXPRESSWAY,JUNCTION BOULEVARD,97 STREET,105244
142554,HENRY HUDSON PARKWAY,73 STREET,76 STREET,57207
142555,HENRY HUDSON PARKWAY,73 STREET,76 STREET,66270
142566,HUTCHINSON RIVER PARKWAY,ST THERESA AVENUE,LAURIE AVENUE,46820
142613,BELT PARKWAY,BODY OF WATER,102 STREET,76286
142618,BELT PARKWAY,BODY OF WATER,102 STREET,78790
142684,WEST STREET,CHAMBERS STREET,HARRISON STREET,32367
142827,WEST SHORE EXPRESSWAY,MULDON AVENUE,WILD AVENUE,50118
142839,12 Avenue,West 44 Street,West 45 Street,39535
142957,Belt Parkway,Mill Basin,Bergen Avenue,63615
142959,Belt Parkway,Mill Basin,Bergen Avenue,59095
143230,West Street,Bloomfield Street,Little West 12 Street,36736
143233,West Street,Bloomfield Street,Little West 12 Street,33897
143299,HENRY HUDSON PARKWAY,231 STREET,232 STREET,33120
143300,HENRY HUDSON PARKWAY,231 STREET,232 STREET,28188
143346,STATEN ISLAND EXPRESSWAY,RENWICK AVENUE,SLOSSON AVENUE,87253
143382,Belt Parkway,72 Street,74 Street,27925
143391,HENRY HUDSON PARKWAY,KAPPOCK STREET,227 STREET,35502
143392,HENRY HUDSON PARKWAY,KAPPOCK STREET,227 STREET,30223
143524,WEST STREET,JANE STREET,12 STREET,35942
143526,WEST STREET,JANE STREET,12 STREET,39337
143686,BROOKLYN QUEENS EXRESSPWAY,ADELPHI STREET,CLERMONT AVENUE,66505
143705,Hutchinson River Parkway,Lafayette Avenue,Bruckner Expressway,28906
143706,Hutchinson River Parkway,Lafayette Avenue,Bruckner Expressway,33804
143870,HUTCHINSON RIVER PARKWAY,BARTOW AVENUE,NEW ENGLAND THRUWAY,43462
143872,Hutchinson River Parkway,Bartow Avenue,New England Thruway,44409
143873,Hutchinson River Parkway,Bartow Avenue,New England Thruway,44752
143877,HUTCHINSON RIVER PARKWAY,BARTOW AVENUE,NEW ENGLAND THRUWAY,58138
144193,BROOKLYN QUEENS EXPRESSWAY,RICHARDSON STREET,LEONARD STREET,90229
144194,BROOKLYN QUEENS EXPRESSWAY,RICHARDSON STREET,LEONARD STREET,76431
144258,GOWANUS EXPRESSWAY,BAY RIDGE PARKWAY,76 STREET,52750
144261,Gowanus Expressway,72 Street Pedestrian Overpass,73 Street,61070
144328,BQE,63 Street,64 Street,43447
144331,BQE,59 Place,59 Street,53124
144435,Kings Highway,East 93 Street,East 94 Street,2617
144548,Riverside Drive,West 116 Street,119 Street,5182
144549,Riverside Drive,West 116 Street,119 Street,4476
144849,EAST 167 STREET,WALTON AVENUE,GRANDVIEW PLACE,3535
144850,EAST 167 STREET,WALTON AVENUE,GRANDVIEW PLACE,4082
144881,Grand Concourse Service Road,Hawkstone Street,Mount Eden Avenue,5275
144988,Broadway,120 Street,116 Street,9845
144993,Broadway,120 Street,116 Street,10869
145066,65 Street,4 Avenue,5 Avenue,10655
145200,Union Turnpike,Vleigh Place,141 Street,14996
145201,Union Turnpike,Vleigh Place,141 Street,2103
145202,UNION TURNPIKE,ENTRANCE INTO UNION TPKE,141 STREET,17814
145203,UNION TURNPIKE,ENTRANCE INTO UNION TPKE,141 STREET,2205
145229,Eastern Parkway,Broadway,Cook Court,9678
145398,Cross Bay Boulevard,East 1 Road,65 Avenue,11829
145416,Union Turnpike,195 Street,196 Street,6111
145838,EAST 167 STREET,SHERIDAN AVENUE,SHERMAN AVENUE,4553
145851,1st Avenue,East 47 Street,East 48 Street,6157
145927,Southern Boulevard,Mosholu Parkway,Bronx River Parkway,16823
145928,Southern Boulevard,Mosholu Parkway,Bronx River Parkway,16841
146046,Harlem River Driveway,Dyckman Street,Amsterdam Avenue,10896
146115,1st Avenue,East 47 Street,East 48 Street,13866
146142,EAST 167 STREET,SHERIDAN AVENUE,SHERMAN AVENUE,4985
146339,LITTLE NECK PARKWAY,87 ROAD,87 TERRACE,4583
146340,LITTLE NECK PARKWAY,87 ROAD,87 TERRACE,4007
146374,Union Turnpike,Hewlett Street,Langdale Street,6542
146375,Union Turnpike,Hewlett Street,Langdale Street,10085
146496,EAST BURNSIDE AVENUE,ANTHONY AVENUE,GRAND CONCOURSE,8868
146527,RIVERSIDE DRIVE,WEST 114 STREET,WEST 113 STREET,5035
146528,RIVERSIDE DRIVE,WEST 114 STREET,WEST 113 STREET,5292
146547,EAST FORDHAM ROAD,BRONX RIVER SHORELINE,PELHAM PARKWAY,35880
146567,Boston Road,Eastchester Bridge,Huguenot Avenue,18086
146568,Boston Road,Eastchester Bridge,Huguenot Avenue,11510
146666,Southern Boulevard,East Fordham Road,East Fordham Road,8141
146667,Southern Boulevard,East Fordham Road,East Fordham Road,7237
146674,Southern Boulevard,East Fordham Road,East Fordham Road,13208
146748,Riverside Drive,West 147 Street,West 146 Street,5847
146864,East 170 Street,Grant Avenue,Morris Avenue,4062
146865,East 170 Street,Grant Avenue,Morris Avenue,1559
146886,East Burnside Avenue Service Road,Grand Concourse,Anthony Avenue,2967
146887,East Burnside Avenue Main Road,Grand Concourse,Anthony Avenue,3701
146888,East Burnside Avenue Main Road,Grand Concourse,Anthony Avenue,3704
147000,East Kingsbridge Road,East 194 Street,Grand Concourse,1992
147032,White Plains Road,East 215 Street,East 216 Street,6124
147036,White Plains Road,Westchester Avenue,Cross Bronx Expressway SR South,14145
147118,Northern Boulevard,Collins Place,Kings Road,24015
147311,East Kingsbridge Road,East 194 Street,Grand Concourse,2426
147346,204 Street,Grand Concourse,Valentine Avenue,2398
147347,204 Street,Grand Concourse,Valentine Avenue,1217
147471,EAST 161 STREET,GRAND CONCOURSE,SHERIDAN AVENUE,5538
147472,EAST 161 STREET,GRAND CONCOURSE,SHERIDAN AVENUE,9862
147673,Broadway,West 242 Street,240 Street,12082
147686,Braddock Avenue,221 Street,221 Place,4845
147877,Midland Parkway,Dalny Road,Wexford Terrace,4622
148030,KINGS HIGHWAY,EAST  93 STREET,LENOX ROAD,3081
148178,Kings Highway,East 94 Street,East 93 Street,2072
148179,KINGS HIGHWAY,EAST  93 STREET,LENOX ROAD,2877
148197,Grand Concourse,187 Street,184 Street,7320
148198,Grand Concourse,187 Street,184 Street,7337
148407,Seagirt Boulevard,Beach 7 Street,Beach 9 Street,10324
148423,F D R Drive,119 Street,East 120 Street Pedestrian Overpass,77350
148829,F D R DRIVE,EAST 102 STREET,EAST 105 STREET,79259
148877,23 Avenue,83 Street,85 Street,4736
148899,FDR Drive,East 103 Street Footbridge,102 Street,77350
148940,Main Street,Hoover Avenue,82 Drive,15193
148948,SPRINGFIELD BLVD,115 ROAD,116 AVE,6359
148978,Bell Boulevard,67 Avenue,67 Avenue,2860
148980,Bell Boulevard,67 Avenue,67 Avenue,3057
149201,Richmond Avenue,Forest Hill Road,Fresh Kills Bridge,27258
149203,FDR Drive,99 Street,100 Street,77350
149213,MERRICK BOULEVARD,BELKNAP STREET,180 STREET,11208
149214,Merrick Boulevard,Farmers Boulevard,Belknap Street,14623
149223,Woodhaven Boulevard,Eliot Avenue,Eliot Avenue,32048
149278,RICHMOND AVENUE,YUKON AVENUE,INDEPENDENCE AVENUE,20541
149327,Astoria Boulevard,88 Street,89 Street,17543
149590,F D R DRIVE,74 STREET,76 STREET,79604
149759,Grand Concourse Service Road,Hawkstone Street,Mount Eden Avenue,6647
149977,Eastern Parkway,Troy Avenue,Albany Avenue,1100
150039,164 Street,65 Avenue,67 Avenue,7336
150052,Eastern Parkway,Albany Avenue,Albany Avenue,1826
150066,Linden Boulevard,Van Sinderen Avenue,Snediker Avenue,21232
150110,Francis Lewis Boulevard,Long Island Expressway,73 Avenue,7069
150149,FDR Drive,East 130 Street,East 129 Street,66886
150203,FRANCIS LEWIS BLVD,115 DRIVE,115 ROAD,14488
150213,Francis Lewis Boulevard,115 Road,115 Drive,8666
150232,Pulaski Bridge,Clay Street,Paidge Avenue,17083
150254,Grand Concourse,153 Street,East 156 Street,13694
150346,Merrick Boulevard,111 Avenue,111 Road,11731
150536,FRANCIS LEWIS BOULEVARD,CROCHERON AVENUE,200 STREET,7081
150549,Cross Bay Boulevard,East 1 Road,65 Avenue,9714
150578,South Avenue,Glen Street,Hughs Avenue,6966
150579,South Avenue,Glen Street,Hughs Avenue,7709
150608,F D R DRIVE,STANTON STREET,DELANCEY STREET,58172
150637,SEAVIEW AVENUE,EAST 102 STREET,EAST 103 STREET,2299
150671,ATLANTIC AVE,ALABAMA AVE,WILLIAMS AVE,27038
150676,Atlantic Avenue,Williams Avenue,Hillsdale Street,20392
150677,ATLANTIC AVENUE,HINSDALE STREET,WILLIAMS AVENUE,19793
150678,Atlantic Avenue SR,Williams Avenue,Hillsdale Street,9593
150681,Atlantic Avenue SR,Williams Avenue,Hillsdale Street,5200
150850,College Point Boulevard,Booth Memorial Avenue,Lawrence Street,5623
151034,Queens Boulevard SR,Long Island Expressway,62 Avenue,12220
151405,Union Turnpike,Magaret Place,71 Avenue,9720
151407,Union Turnpike,Magaret Place,71 Avenue,8816
151662,WOODHAVEN BLVD,97th AVE,101st ST,27330
151663,Woodhaven Boulevard Main Road,97 Avenue,101 Avenue,19391
151664,Woodhaven Boulevard Service Road,97 Avenue,101 Avenue,4390
151665,Woodhaven Boulevard,95 Avenue,95 Street,4692
151668,Woodhaven Boulevard,95 Avenue,95 Street,3841
151704,Woodhaven Boulevard,73 Avenue,74 Avenue,27273
151751,Queens Boulevard,Union Turnpike,80 Road,14103
152030,34 Avenue,113  Street,114 Street,6411
152031,34 Avenue,113  Street,114 Street,1724
152158,BROADWAY,60 STREET,COLUMBUS CIRCLE,15485
152334,HYLAN BOULEVARD,ALLISON AVENUE,PRINCETON AVENUE,26400
152362,BELT PARKWAY,FLATBUSH AVENUE,MILL BASIN BRIDGE,62240
152386,Utopia Parkway,Northern Boulevard,45 Avenue,8027
152499,114 STREET,GRAND CENTRAL ENTRANCE,36 AVENUE,3500
152518,Metropolitan Avenue,Gardner Avenue,Scott Avenue,11344
152649,Francis Lewis Boulevard,115 Road,115 Drive,9149
152665,ATLANTIC AVE,CLASSON AVE,NYCTA SUBWAY,41700
152668,BROADWAY,WEST 147 STREET,WEST 148 STREET,10224
152688,Francis Lewis Boulevard,37 Avenue,38 Avenue,7689
152699,West Shore Expressway,Lois Lane,Bloomfield Avenue,31591
152769,STATEN ISLAND EXPRESSWAY,RENWICK AVENUE,SLOSSON AVENUE,91867
152782,WEST SHORE EXPRESSWAY,MULDON AVENUE,WILD AVENUE,47279
152854,West Shore Expressway,Lois Lane,Bloomfield Avenue,43347
152873,34th AVE,92nd ST,93rd ST,8875
153064,Clearview Expressway,38 Avenue,39 Avenue,38759
153067,34 Avenue,92 Street,93 Street,6547
153288,Long Island Expressway,134 Street,135 Street,69118
153379,CLEARVIEW EXPRESSWAY,39 AVENUE,BOYCE AVENUE,36033
153427,Van Wyck Expressway,105 Avenue,LibertyAvenue,72410
153700,34 Avenue,91 Street,92 Street,6522
153773,JACKIE ROBINSON PARKWAY,CYPRESS HILLS STREET,FOREST PARK DRIVE,42416
153870,LONG ISLAND EXPRESSWAY,188 STREET,189 STREET,75132
153916,34 Avenue,91 Street,92 Street,7108
154031,Belt Parkway,72 Street,74 Street,27514
154092,BROOKLYN QUEENS EXRESSPWAY,ADELPHI STREET,CLERMONT AVENUE,65940
154194,SEAVIEW AVENUE,EAST 101 STREET,EAST 102 STREET,3882
154272,BELT PARKWAY,FLATBUSH AVENUE,MILL BASIN BRIDGE,65189
154275,SEAVIEW AVENUE,EAST 102 STREET,EAST 103 STREET,2019
154280,GOWANUS EXPRESSWAY,29 STREET,28 STREET,136263
154428,SEAVIEW AVENUE,EAST 101 STREET,EAST 102 STREET,2070
154454,CROSS BRONX EXPRESSWAY,MARMION AVENUE,PROSPECT AVENUE,108692
154496,CROSS BRONX EXPRESSWAY,MORRIS AVENUE,WEEKS AVENUE,143132
154501,Bedford Park Boulevard  Service Road,Grand Concourse,Valentine Avenue,5119
154610,BRONX RIVER PARKWAY,EAST 174 STREET,172 STREET,30047
154613,ESPLANADE,HAIGHT AVENUE,LURTING AVENUE,1350
154617,BOSTON ROAD,EAST 176 STREET,VYSE AVENUE,10162
154664,Esplanade,Hone Avenue,Lurting Avenue,801
154758,BRONX RIVER PARKWAY,BOSTON ROAD,ENTRANCE,54738
154787,Bedford Park Boulevard  Service Road,Grand Concourse,Valentine Avenue,4850
154863,Major Deegan Expressway,Van Cortlandt Avenue West,Mosholu Parkway,74686
154911,Esplanade,Hone Avenue,Lurting Avenue,624
154953,Cross Bronx Expressway,Noble Avenue,Rosedale Avenue,47874
154989,F D R DRIVE,74 STREET,76 STREET,81770
155060,ED KOCH QUEENSBORO BRIDGE LOWER LEVEL OUTER ROADWAY,ROOSEVELT ISLAND SHORELINE,QN-NY CNTY SHORELINE,7551
155099,Harlem River Driveway,Dyckman Street,Amsterdam Avenue,10694
155120,FDR Drive,East 103 Street Footbridge,102 Street,72932
155125,F D R DRIVE,EAST 102 STREET,EAST 105 STREET,77576
155144,FDR Drive,119 Street,East 120 Street Pedestrian Overpass,70769
155153,FDR Drive,East 42 Street,East 43 Street,56400
155276,Hylan Boulevard,Hales Avenue,Woods of Arden Road,12848
155290,RICHMOND TERRACE,YUKON AVENUE,INDEPENDENCE AVENUE,19340
155338,HYLAN BOULEVARD,ALLISON AVENUE,PRINCETON AVENUE,17101
155387,Richmond Avenue,Forest Hill Road,Fresh Kills Bridge,28143
155435,Hylan Boulevard,Hales Avenue,Woods of Arden Road,11611
155609,BRADDOCK AVE,221 PLACE,221 STREET,7961
155739,SPRINGFIELD BLVD,115 ROAD,116 AVE,7017
155745,SEAGRIT BLVD,BEACH 7th ST,BEACH 9th ST,14425
155773,ATLANTIC AVE,97th ST,98th ST,28471
155775,Midland Parkway,Dalny Road,Wexford Terrace,4988
155846,JAMAICA AVE,197 STREET,198 STREET,13007
155864,11th ST,47th AVE,47th RD,12162
155920,Grand Central Parkway,193 Street,Cunningham Park SR,71864
156005,Woodhaven Boulevard Main Road,97 Avenue,101 Avenue,18931
156045,Utopia Parkway,45 Avenue,Northern Boulevard,6837
156204,ROCKAWAY BLVD,OLD ROCKAWAY BLVD,RADAR RD,45862
156239,Astoria Boulevard,88 Street,89 Street,12255
156309,Francis Lewis Boulevard,37 Avenue,38 Avenue,9076
156336,MERRICK BLVD,111 AVE,111 ROAD,14769
156379,Woodhaven Boulevard,Eliot Avenue,Eliot Avenue,37679
156450,164 Street,65 Avenue,67 Avenue,7398
156483,Union Turnpike,195 Street,196 Street,7635
156485,23rd Avenue,83th Street,85th Street,NA
156532,Main Street,63 Avenue,Gravett Road,6737
156608,MERRICK BOULEVARD,BELKNAP STREET,180 STREET,11388
156689,JAMAICA AVE,CARPENTER AVE,WOODHULL AVE,8018
156785,Francis Lewis Boulevard,Long Island Expressway,73 Avenue,8545
156873,Utopia Parkway,65 Avenue,67 Avenue,5932
156973,11 STREET,47 AVENUE,47 ROAD,6287
157129,COLLEGE POINT BOULEVARD,BLOSSOM AVENUE,BOTANICAL GARDEN BRIDGE,29968
157162,Utopia Parkway,65 Avenue,67 Avenue,6502
157208,FRANCIS LEWIS BOULEVARD,CROCHERON AVENUE,200 STREET,6676
157226,Queens Boulevard,Union Turnpike,80 Road,11499
157298,Northern Boulevard,College Point Boulevard,King Road,19125
157354,Clearview Expressway,38 Avenue,39 Avenue,40435
157405,Main Street,Hoover Avenue,82 Drive,14934
157570,ATLANTIC AVE,LINCOLN AVE,SHERIDAN AVE,12203
157598,4 AVENUE,28 STREET,29 STREET,21945
157603,Jamaica Avenue,Georgia Avenue,Fanchon Place,15156
157659,LINDEN BOULEVARD,AUTUMN AVENUE,LINCOLN AVENUE,24757
157673,Linden Boulevard,Van Sinderen Avenue,Snediker Avenue,20135
157676,Jamaica Avenue,Fanchon Place,Georgia Avenue,9541
157685,4 Avenue,28 Street,29 Street,8339
157736,ORIENTAL BLVD,HASTINGS ST,GIRARD ST,5832
157872,Eastern Parkway,Broadway,Cook Court,8560
157900,FLATLANDS AVE,LOUISIANA AVE,MALTA ST,22279
157979,4 AVENUE,29 STREET,30 STREET,14066
158033,Pulaski Bridge,Clay Street,Box Street,18589
158072,Flatlands Avenue,Louisiana Avenue,Malta Street,13047
158092,4 AVENUE,29 STREET,30 STREET,9269
158132,ATLANTIC AVENUE,LINCOLN AVENUE,NICHOLS AVENUE,10619
158134,Metropolitan Avenue,Gardner Avenue,Scott Avenue,10088
158163,4 AVENUE,BUTLER STREET,DOUGLASS STREET,27089
158203,LINDEN BOULEVARD,HINSDALE STREET,SNEDIKER AVENUE,59721
158217,CROPSEY AVE,27th AVE,BAY 26th ST,11417
158329,Cropsey Avenue,27 Avenue,Bay 46 Street,7802
158363,East tremont Avenue,Bronx Street,Boston Road,13021
158368,EDWARD L GRANT HIGHWAY,NELSON AVENUE,PLIMPTON AVENUE,20274
158413,East Tremont Avenue,Boston Road,Bronx Street,11982
158443,Grand Concourse,153 Street,East 156 Street,12564
158447,Broadway,West 242 Street,240 Street,12082
158451,White Plains Road,Westchester Avenue,Cross Bronx Expressway SR South,9856
158455,Edward L Grant Highway,Nelson Avenue,Plimpton Avenue,9627
158578,PARK AVENUE SOUTH,EAST 26 STREET,EAST 27 STREET,23136
158582,BROADWAY,WEST 148 ST,WEST 149 ST,16643
158602,BROADWAY,WEST 147 STREET,WEST 148 STREET,9753
158683,EAST HOUSTON STREET,BROADWAY,CROSBY STREET,39120
158764,7 AVE,WEST 122 ST,WEST 123 ST,20629
158771,Joe Dimaggio Highway,27 Street,26 Street,34311
158778,Park Avenue,East 99 Street,East 100 Street,5811
158858,BROADWAY,WEST 60 STREET,WEST 61 STREET,29251
158881,Park Avenue South,East 26 Street,East 27 Street,17725
158938,WEST STREET,NORTH MOORE STREET,HUBERT STREET,35769
158944,Broadway,West 148 Street,West 149 Street,9650
158958,Riverside Drive,West 146 Street,West 147 Street,7501
158964,LENOX AVE,WEST 123 ST,WEST 124 ST,19177
158972,LENOX AVE,WEST 111 ST,WEST 112 ST,9070
158973,Park Avenue,East 99 Street,East 100 Street,6356
159002,7 AVE,WEST 117 ST,WEST 118 ST,18096
159023,12 Avenue,West 44 Street,West 45 Street,41638
159048,Adamn C Powell Boulevard,West 148 Street,West 149 Street,7180
159082,BROADWAY,WEST 98 ST,WEST 99 ST,14222
159128,Ed Koch Queensboro Bridge,West Main Street,East Main Street,46401
159147,Broadway,West 98 Street,West 99 Street,11531
159173,ED KOCH QUEENSBORO BRIDGE UPPER LEVEL,ROOSEVELT ISLAND SHORELINE,QN-NY CNTY SHORELINE,41752
159183,BROADWAY,WEST 74 STREET,WEST 75 STREET,42032
159184,Joe Dimaggio Highway,27 Street,26 Street,32467
159196,Adamn C Powell Boulevard,West 122 Street,West 123 Street,7993
159216,PARK AVENUE,EAST 59 STREET,EAST 60 STREET,38772
159287,BROADWAY,60 STREET,COLUMBUS CIRCLE,15076
159727,Travis Avenue,Mulberry Avenue,Freedom Avenue,15496
160063,Dr. M L King Jr. Expressway Exit 11 SB,Victory Boulevard,Christopher Lane,7643
160109,VICTORY BOULEVARD,SOUTH GANNON AVENUE,DR M L KING EP NB EN VICTORY BL,34873
160456,RENWICK AVENUE,STATEN ISLAND EXPRESSWAY,LITTLE CLOVE ROAD,8450
160467,CLOVE ROAD,NARROWS ROAD NORTH,STATEN ISLAND EXPRESSWAY,19806
161643,7 AVENUE,65 STREET,66 STREET,3857
162032,SMITH STREET,LORRAINE STREET,GOWANUS EXPRESSWAY,2428
162554,Cherry Street,Catherine Slip,Catherine Street,1509
162681,SOUTH STREET,PIKE SLIP,RUTGERS SLIP,15032
163584,Ocean Parkway,Caton Avenue,Albemarle Road,922
163602,Ocean Parkway,Caton Avenue,Albemarle Road,1321
163652,Parkside Avenue,Park Circle,Parade Place,18150
164286,FORSYTH STREET,BROOME STREET,DELANCEY STREET,2735
164299,Allen Street,Rivington Street,Delancey Street,11331
164301,ALLEN STREET,DELANCEY STREET,RIVINGTON STREET,17781
164329,EAST 18 STREET,BROADWAY,PARK AVENUE SOUTH,8399
164341,NORFOLK STREET,DELANCEY STREET,RIVINGTON STREET,3532
165258,MEEKER AVE,LEONARD ST,WITHERS ST,14801
166137,Central Park North,5 Avenue,Lenox Avenue,9204
166478,West 116 Street,Lenox Avenue,Adam C Powell Boulevard,14691
167027,KINGS HIGHWAY,AVENUE I,AVENUE J,16392
167324,Kings Highway,East 93 Street,East 94 Street,23485
167325,KINGS HIGHWAY,EAST  93 STREET,LENOX ROAD,24140
167454,ROCKAWAY AVENUE,HEGEMAN AVENUE,LINDEN BOULEVARD,11340
167682,Stewart Avenue,Metropolitan Avenue,Grand Street,2734
167694,FLUSHING AVENUE,METROPOLITAN AVENUE,53 STREET,21633
169883,130 PL,30th PL,BERGEN RD,7935
170113,South Conduit Avenue,150 Street,Van Wyck Expressway,26750
170523,Van Wyck Boulevard East,Lloyd Road,Liberty Avenue,28047
172999,EAST 119 STREET,PARK AVENUE SOUTH,PARK AVENUE NORTH,3143
173492,EAST 144 STREET,GRAND CONCOURSE,A J GRIFFIN PLACE,8634
173496,EAST 149 STREET,GRAND CONCOURSE,A J GRIFFIN PLACE,22642
174149,EAST 161 STREET,GRAND CONCOURSE,SHERIDAN AVENUE,12791
174179,Dr. M L King Jr. Boulevard,Ogden Avenue,Edward L Grant Highway,10104
174218,EAST 165 STREET,CARROLL PLACE,GRAND CONCOURSE,11863
174289,EAST 167 STREET,SHERIDAN AVENUE,SHERMAN AVENUE,7491
174305,East 169 Street,Grand Concourse,Sheridan Avenue,6747
174360,East 170 Street,Grant Avenue,Morris Avenue,6889
174566,HENRY HUDSON PKWY,FAIRFIELD AVE,W 232nd ST,56372
175385,82 STREET,NORTHERN BOULEVARD,34 AVENUE,4661
175499,JUNCTION BOULEVARD,NORTHERN BOULEVARD,34 AVENUE,10712
175696,BRUCKNER BOULEVARD,BRYANT AVENUE,LONGFELLOW AVENUE,39343
175828,EAST TREMONT AVENUE,GRAND CONCOURSE,MONROE AVENUE,NA
176139,EAST 174 STREET,METCALF AVENUE,BRONX RIVER PARKWAY,11252
176277,Grand Concourse,184 Street,187 Street,20030
176279,Grand Concourse,187 Street,184 Street,17126
176284,GRAND CONCOURSE,187 STREET,188 STREET,40781
176290,EAST 188 STREET,GRAND CONCOURSE,VALENTINE AVENUE,9496
176291,EAST FORDHAM ROAD,GRAND CONCOURSE NORTH,GRAND CONCOURSE SOUTH,26390
176292,EAST FORDHAM ROAD,GRAND CONCOURSE,VALENTINE AVENUE,27474
176295,WEBSTER AVENUE,EAST 189 STREET,EAST FORDHAM ROAD,21158
176312,EAST KINGSBRIDGE ROAD,GRAND CONCOURSE,GRAND CONCOURSE,7232
176365,Bedford Park Boulevard,Grand Concourse,Valentine Avenue,8901
176366,BEDFORD PARK BOULEVARD,GRAND CONCOURSE,GRAND CONCOURSE,8075
176380,EAST 204 STREET,GRAND CONCOURSE,VALENTINE AVENUE,1525
176399,SOUTHERN BOULEVARD,CROTONA PARKWAY,EAST FORDHAM ROAD,16420
176426,CROTONA AVENUE,EAST FORDHAM ROAD,SOUTHERN BOULEVARD,3607
176737,MOSHOLU PARKWAY,MAJOR DEEGAN EXPRESSWAY,VAN COURTLANDT PARK SOUTH,13255
176975,JUNCTION BOULEVARD,62 DRIVE,QUEENS BOULEVARD,NA
177454,103 Street,Northern Boulevard,34 Avenue,3151
177488,108 Street,Northern Boulevard,34 Avenue,8631
177744,31 Avenue,131 Street,Whitestone Expressway,1814
177868,ROSEDALE AVENUE,CROSS BRONX EXPRESSWAY SB SR,BRIDGE MIDPOINT (ABOVE CROSS BRONX EXPRESSWAY),12419
177876,Rosedale Avenue,Cross Bronx Expressway Main Road,Cross Bronx Expressway Service Road,11573
177940,WESTCHESTER AVENUE,HUGH J GRANT CIRCLE,WHITE PLAINS ROAD,9717
178157,ZEREGA AVENUE,BRUCKNER BOULEVARD,BRUCKNER EXPRESSWAY,15914
178332,HUTCHINSON RIVER PARKWAY,ST THERESA AVENUE,LAURIE AVENUE,49231
178394,EAST GUN HILL ROAD,BRONX RIVER PARKWAY SB EXIT 9,BRONX RIVER PARKWAY,NA
178395,EAST GUN HILL ROAD,BRONX RIVER PARKWAY,BRONX RIVER PARKWAY,41085
178549,STILLWELL AVENUE,PELHAM PARKWAY,RHINELANDER AVENUE,6877
178889,UNION TURNPIKE,141 STREET,ENTRANCE INTO UNION TURNPIKE,12491
179509,RANDALL AVENUE,BALCOM AVENUE,EAST 177 STREET,NA
179513,RANDALL AVENUE,CROSS BRONX EXPRESSWAY NB SR,MIDPOINT OF UNDERPASS,12174
179545,THROGS NECK EXPRESSWAY,HARDING AVENUE,LONGSTREET AVENUE,68330
179547,THROGS NECK EXPWY SER RD,HARDING AVENUE,LONGSTREET AVENUE,1704
180547,HILLSIDE AVENUE,192 STREET,193 STREET,22849
180938,39 AVENUE,CLEARVIEW EXPRESSWAY SR WEST,CLEARVIEW EXPRESSWAY,6298
182686,HEWLETT STREET,77 ROAD,UNION TURNPIKE,25531
183880,EAST MOSHOLU PARKWAY SOUTH,GRAND CONCOURSE,VAN CORTLANDT AVENUE EAST,NA
184214,3 AVE,PACIFIC ST,DEAN ST,NA
184222,BRUCKNER BOULEVARD,HUNTS POINT AVENUE,163 STREET,22088
184562,GRAND CONCOURSE_MAIN,EAST 172 STREET,EAST MT EDEN AVENUE,28344
184645,Yellowstone Boulevard,Alderton Road,Woodhaven Boulevard,10668
185120,College Point Boulevard,Northern Boulevard,35 Avenue,14829
185651,Marmion Avenue,Cross Bronx Expressway,Fairmount Place,2142
185661,Crotona Avenue,East Fordham Road,Southern Boulevard,3221
186009,BRUCKNER BOULEVARD,HUNTS POINT AVENUE,163 STREET,12402
186125,F D R DRIVE,SUTTON SQUARE,EAST 57 STREET,59329
187968,Murdock Avenue,174 Street,173 Street,1522
188247,3 AVENUE,EAST 189 STREET,PARK AVENUE,4073
188574,EAST 133 STREET,ST ANNS PLACE,CYPRESS AVENUE,8519
189377,Henry Hudson Parkway,Dyckman Street,Henry Hudson Bridge,32361
189924,Union Turnpike,141 Street,Main Street,12338
190253,BROOKLYN QUEENS EXRESSPWAY,59 STREET,60 STREET,44906
190429,BRUCKNER BOULEVARD,HUNTS POINT AVENUE,163 STREET,18602
190690,SHORE PARKWAY,25 AVENUE,BAY 41 STREET,70398
190861,EAST 167 STREET,WALTON AVENUE,GRANDVIEW PLACE,5067
190863,EAST 167 STREET,WALTON AVENUE,GRANDVIEW PLACE,3830
191010,Linden Boulevard,Malta Street,Alabama Avenue,21542
191012,Linden Boulevard,Malta Street,Alabama Avenue,16995
191088,ATLANTIC AVENUE,VAN SINDEREN AVENUE,WILLIAMS PLACE,18583
191098,Queens Boulevard,Long Island Expressway,62 Avenue,13436
191797,Union Turnpike,141 Street,Main Street,11178
192292,2 AVENUE,EAST 59 STREET,EAST 60 STREET,97419
192425,Provost Avenue,East 233 Street,Westchester,11730
193538,West End Avenue,West 62 Street,Thelonious Monk Circle,21296
193991,LONG ISLAND EXPRESSWAY,73 PLACE,74 STREET,106075
193992,LONG ISLAND EXPRESSWAY,73 PLACE,74 STREET,101754
194069,Horace Harding Expressway SR,93 Street,Junction Boulevard,10479
194070,Horace Harding Expressway SR,93 Street,Junction Boulevard,3866
194175,Horace Harding Expressway SR,190 Street,194 Street,10403
194331,Shore Pkwy North,Bay 40 St,25 Ave,NA
194358,Shore Pkwy North,E 16 St,Sheepshead Bay Rd,3867
194371,CLEARVIEW EXPRESSWAY,39 AVENUE,BOYCE AVENUE,2179
194613,PELHAM PARKWAY,WHITE PLAINS ROAD,BRONXWOOD AVENUE,14494
196561,Belt Parkway,79 Street,77 Street,39930
217716,Courtlandt Avenue,153 Street,East 154 Street,2705
218038,WOODROW ROAD,BELFIELD AVENUE,EVERTON AVENUE,4410
219878,Goethals Bridge Approach,Western Avenue,Old Place Greek Shoreline,32879
220071,Goethals Bridge Approach,Western Avenue,Old Place Greek Shoreline,35006
222431,Van Wyck Expressway Exit 11 SB,136 Street,Jewel Avenue,10193
223756,HENRY HUDSON PARKWAY,105 STREET,110 STREET,62903
223773,Riverside Drive,West 100 Street,102 Street,6443
226088,HARLEM RIVER DRIVE,WEST 147 STREET,MACOMBS PLACE,73620
226093,HARLEM RIVER DRIVE,WEST 147 STREET,MACOMBS PLACE,44078
226748,EDSON AVENUE,BARTOW AVENUE,NEW ENGLAND THRUWAY ENTRANCE,15023
227110,HENRY HUDSON PARKWAY,105 STREET,110 STREET,64372
227709,CHERRY STREET,CATHERINE SLIP,MARKET STREET,1288
227759,West Street,Spring Street,West Houston Street,35624
227764,West Street,Spring Street,West Houston Street,36012
228790,Kings Highway,Avenue J,Avenue I,12590
228792,Kings Highway,Avenue J,Avenue I,1925
228794,Kings Highway,Avenue J,Avenue I,2351
229411,WEST STREET,CHAMBERS STREET,HARRISON STREET,33963
232613,Flatbush Avenue,Aviation Road,Marine Parkway Bridge,11855
232619,Flatbush Avenue,Aviation Road,Marine Parkway Bridge,12504
234174,Vermont Place,Highland Boulevard,Jackie Robinson Parkway,14594
234360,Van Wyck Expressway,136 Street,Jewel Avenue,49166
234375,Van Wyck Expressway,136 Street,Jewel Avenue,63130
236204,Jerome Avenue,Mosholu Parkway Main Road,West Mosholu Parkway North Service Road,13114
237320,Shore Road,Orchard Beach Road,Roosevelt Avenue,13365
238761,HUNTS POINT AVENUE,BRUCKNER BOULEVARD SB,BRUCKNER BOULEVARD NB,13730
238874,HENRY HUDSON PARKWAY,WEST 145 STREET,HUDSON RIVER GREENWAY,63983
238880,HENRY HUDSON PARKWAY,WEST 145 STREET,HUDSON RIVER GREENWAY,67521
239605,BRUCKNER EXPRESSWAY,LONGFELLOW AVENUE,BRYANT AVENUE,18501
240867,FDR Drive,Pike Slip,Rutgers Slip,48172
240881,FDR Drive,Pike Slip,Rutgers Slip,44498
246365,Park Row,Broadway,Beekman Street,6901
249325,MANHATTAN BRIDGE UPPER LEVEL,BODY OF WATER,BODY OF WATER,37209
250403,Riverside Drive,103 Street,102 Street,6729
251085,Montrose Avenue,Union Avenue,Lorimer Street,3191
251844,Chatham Square,Mott Street,East Broadway,10340
251853,Chatham Square,Mott Street,East Broadway,10651
251949,EXTERIOR STREET,MAJOR DEEGAN EXIT,150 STREET,17211
254353,Bedford Avenue,Lorimer Street,North 12 Street,5561
254676,JACKSON AVENUE,COURT SQUARE,44 DRIVE,10993
254677,JACKSON AVENUE,COURT SQUARE,44 DRIVE,7624
254737,JACKSON AVENUE,PURVES STREET,DUTCH KILLS STREET,10385
254740,JACKSON AVENUE,PURVES STREET,DUTCH KILLS STREET,7459
254742,Dutch Kills Street,Ed Koch Bridge Upper Roadway,Ed Koch Bridge Upper Roadway,23414
254747,Dutch Kills Street,Ed Koch Bridge Upper Roadway,Ed Koch Bridge Upper Roadway,20062
255653,Broadway,West 242 Street,240 Street,3697
256338,COOPER AVENUE,WYCKOFF AVENUE,IRVING AVENUE,14135
256655,Borinquen Place,Havemeyer Street,Marcy Avenue,17667
256656,Borinquen Place,Havemeyer Street,Marcy Avenue,13696
256800,Webster Ave,East 233 Street,234 Street,17150
257463,Central Park South,6 Avenue,Grand Army Plaza,29834
258216,FDR DRIVE VIADUCT,WHITEHALL STREET,STATE STREET,18982
258220,FDR DRIVE VIADUCT,WHITEHALL STREET,STATE STREET,25942
259381,HENRY HUDSON PARKWAY,235 STREET,236 STREET,35525
259394,HENRY HUDSON PARKWAY,WEST 235 STREET,WEST 236 STREET,30930
260318,Sheridan Expressway,East 173 Street,East 174 Street,17446
260321,Sheridan Expressway,East 173 Street,East 174 Street,29892
260349,BROADWAY,COLUMBUS CIRCLE,58 STREET,9658
261726,Park Avenue,138 Street,135 Street,3205
262242,West Broadway,Worth Street,Leonard Street,22069
262248,VAN CORTLANDT AVENUE EAST,ST GEORGE'S CRESCENT,EAST MOSHOLU PARKWAY SOUTH,8837
262252,East Mosholu Parkway,Grand Concourse,Van Courtlandt Avenue East,1932
265550,DELAFIELD AVENUE,CLOVE ROAD,RAYMOND PLACE,3753
271350,West 53 Street,6 Avenue,5 Avenue,7219
273910,West Farms Road,Cross Bronx Expressway,174 Street,2001
275302,Bowery,Prince Street,Stanton Street,12377
275334,Bowery,Prince Street,Stanton Street,15853
275873,MYRTLE AVENUE,FREEDOM DRIVE,PARK LANE SOUTH,8418
275887,Maurice Avenue,56 Drive,56 Avenue,8971
276970,East 144 Street,A J Griffin Place,Grand Concourse,7772
800251,Winchester Boulevard,88 Avenue,88 Avenue,3104
1553304,Cross Island Parkway,87 Avenue,88 Avenue,77927
8102302,Queens Boulevard,Long Island Expressway,62 Avenue,10128
8103575,White Plains Road,East 215 Street,East 216 Street,5067
9000022,Amsterdam Avenue,West 164 Street,West 165 Street,11835
9000265,Pitt Street,Stanton Street,Rivington Street,3716
9001099,1 AVENUE,EAST 120 STREET,PALADINO AVENUE,26499
9001153,2 AVENUE MAIN ROAD,EAST 122 STREET,EAST 123 STREET,23777
9001278,21 STREET,34 AVENUE,35 AVENUE,27230
9001279,21 STREET,34 AVENUE,35 AVENUE,31423
9001489,Morris Avenue,East 153 Street,East 156 Street,9241
9001519,Courtladt Avenue,East 153 Street,East 154 Street,2965
9001818,EAST 156 STREET,BROOK AVENUE,ST ANNS AVENUE,6591
9001819,St. Anns Avenue,East 156 Street,Rae Street,6366
9001821,ST ANNS AVENUE,RAE STREET,EAST 156 STREET,6371
9001846,Forsyth Street,Rivington Street,Stanton Street,2907
9001909,Amsterdam Avenue,West 61 Street,West 62 Street,22939
9002816,Fountain Avenue,Dumont Avenue,Hegeman Avenue,11945
9002974,CALHOUN AVENUE,DEWEY AVENUE,CROSS BRONX EXPRESSWAY,1586
9002975,CALHOUN AVENUE,SCHLEY AVENUE,DEWEY AVENUE,1524
9002977,Calhoun Avenue,Dewey Avenue,Cross Bronx Expressway,1661
9003577,PARK AVENUE,TOMPKINS AVENUE,DELMONICO PLACE,6471
9003579,Morris Avenue,156 Street,Park Avenue,18822
9003582,PARK AVENUE,TOMPKINS PARK,DELMONICO PLACE,7791
9003667,Astor Avenue,Wallace Avenue,Barnes Avenue,3890
9003670,Astor Avenue,Wallace Avenue,Barnes Avenue,3633
9003982,Burke Avenue,Pearsall Avenue,Tenbroeck Avenue,5587
9003983,BURKE AVENUE,PEARSALL AVENUE,TENBROECK AVENUE,5503
9004434,Harrod Avenue,Cross Bronx Expressway,East 174 Street,3091
9005241,MANOR ROAD,WESTWOOD AVENUE,SCHMIDTS LANE,14048
9005244,MANOR ROAD,SCHMIDTS LANE,WESTWOOD AVENUE,8199
9005462,Dekalb Avenue,Taaffe Place,Classon Avenue,8683
9005486,Lafayette Avenue,Classon Avenue,Franklin Avenue,9290
9006437,Madison Street,Oliver Street,James Street,8991
9006772,Madison Avenue,99 Street,101 Street,17016
9006987,Stanley Avenue,108 Street,Snediker Avenue,8373
9006989,Stanley Avenue,Snediker Avenue,Hinsdale Street,8762
9007352,Randall Avenue,Balcom Avenue,177 Street,4192
9007479,Kissena Boulevard,65 Avenue,Melbourne Avenue,7204
9007483,KISSENA BOULEVARD,65 AVENUE,MELBOURNE AVENUE,7746
9007484,Kissena Boulevard,65 Avenue,Melbourne Avenue,9624
9007488,KISSENA BOULEVARD,65 AVENUE,MELBOURNE AVENUE,9775
9007754,Columbus Avenue,West 100 Street,West 101 Street,14344
9008113,Bronx River Avenue,174 Street,Cross Bronx Expressway,8490
9008115,Bronx River Avenue,174 Street,Cross Bronx Expressway,4559
9008423,CLARKSON AVENUE,NEW YORK AVENUE,EAST 37 STREET,9720
9008505,Henry Hudson Parkway,Netherland Avenue,Johnson Avenue,31540
9008507,Henry Hudson Parkway,Netherland Avenue,Johnson Avenue,28705
9008556,East 135 Street,Cypress Avenue,St. Anns Avenue,7020
9008598,HARROD AVENUE,CROSS BRONX EXPRESSWAY,EAST 174 STREET,2993
9008622,Francis Lewis Boulevard,86 Road,Whitehall Terrace,8820
9008637,164 STREET,67 AVENUE,65 AVENUE,7873
9008639,164 STREET,67 AVENUE,65 AVENUE,7835
9008739,Horace Harding Expressway SR,Lawrence Street,136 Street,7199
9008825,Pelham Parkway,White Plains Road,Cruger Avenue,16823
9008826,PELHAM PARKWAY,BARNES AVENUE,WALLACE AVENUE,18192
9008829,Pelham Parkway,White Plains Road,Cruger Avenue,13745
9008830,PELHAM PARKWAY,BARNES AVENUE,WALLACE AVENUE,14222
9008891,Hutchinson River Parkway,Boller Avenue,Einstein Loop SB,58451
9008895,Hutchinson River Parkway,Boller Avenue,Einstein Loop SB,55450
9008935,Francis Lewis Boulevard,86 Road,Whitehall Terrace,9469
9009052,Catherine Street,Cherry Street,Monroe Street,2054
9009102,MANHATTAN BRIDGE LOWER LEVEL,BODY OF WATER,BODY OF WATER,26213
9009104,MANHATTAN BRIDGE UPPER LEVEL,BODY OF WATER,BODY OF WATER,27551
9009379,Myrtle Avenue,Throop Avenue,Tompkins Avenue,10687
9009503,12 Avenue,West 59 Street,West 62 Street,50410
9009505,12 Avenue,West 59 Street,West 62 Street,57753
9009550,Central Park West,100 Street,97 Street,17854
9009662,FDR Drive,East 10 Street Pedestrian Overpass,East 13th Street,68257
9009764,East 169 Street,Tinton Avenue,Union Avenue,8908
9009765,East 169 Street,Tinton Avenue,Union Avenue,9330
9011956,WEST SHORE EXPRESSWAY,VETERANS ROAD WEST,VETERANS ROAD EAST,34518
9011960,WEST SHORE EXPRESSWAY,VETERANS ROAD WEST,VETERANS ROAD EAST,36159
9012002,Bruckner Expressway,Arnow Place,Sands Place,74719
9012004,Bruckner Expressway,Arnow Place,Sands Place,78185
9012150,GRAND CENTRAL PARKWAY,64 AVENUE PEDESTRIAN OVERPASS,64 ROAD,99916
9012152,GRAND CENTRAL PARKWAY,64 AVENUE PEDESTRIAN OVERPASS,64 ROAD,91339
9012249,Cross Bronx Expressway,Crotona Parkway,Daly Avenue,87113
9012251,Cross Bronx Expressway,Crotona Parkway,Daly Avenue,77051
9012452,BELT PARKWAY,134 STREET,VAN WYCK EXPRESSWAY,48650
9012455,BELT PARKWAY,134 STREET,VAN WYCK EXPRESSWAY,65236
9012502,Belt Parkway,20 Avenue,21 Avenue,63841
9012504,Belt Parkway,20 Avenue,21 Avenue,63176
9012681,BROOKLYN QUEENS EXPRESSWAY,METROPOLITAN AVENUE,RODNEY STREET,56772
9012755,Cross Island Parkway,114 Terrace,115 Avenue,77391
9012759,Cross Island Parkway,114 Terrace,115 Avenue,65334
9012807,KOREAN WAR VETS PARKWAY,HEENAN AVENUE,ALBEE AVENUE,22893
9012809,KOREAN WAR VETS PARKWAY,HEENAN AVENUE,ALBEE AVENUE,25256
9012849,LONG ISLAND EXPRESSWAY,81 STREET,82 STREET,73232
9012851,LONG ISLAND EXPRESSWAY,81 STREET,82 STREET,88365
9012909,BRUCKNER EXPRESSWAY,LONGFELLOW AVENUE,WHITTIER STREET,54358
9012911,BRUCKNER EXPRESSWAY,LONGFELLOW AVENUE,WHITTIER STREET,54224
9013048,Cross Bronx Expressway,Morris Avenue,Eastburn Avenue,75298
9013049,Cross Bronx Expressway,Morris Avenue,Eastburn Avenue,79745
9013080,Grand Central Parkway,141 Street,Main Street,64230
9013082,Grand Central Parkway,141 Street,Main Street,74395
9013171,CROSS ISLAND PARKWAY,50 AVENUE,53 AVENUE,45670
9013207,BROOKLYN QUEENS EXPRESSWAY,METROPOLITAN AVENUE,RODNEY STREET,58424
9013359,GRAND CENTRAL PARKWAY,UNION TURNPIKE,42 AVENUE,77076
9013362,GRAND CENTRAL PARKWAY NB LEFT ROADWAY,UNION TURNPIKE,42 AVENUE,49069
9013571,Jackie Robinson Parkway,Queens Boulevard,Kew Gardens Road,12582
9013573,Jackie Robinson Parkway,Queens Boulevard,Kew Gardens Road,47781
9013575,Jackie Robinson Parkway,Queens Boulevard,Kew Gardens Road,15476
9013577,Jackie Robinson Parkway,Queens Boulevard,Kew Gardens Road,43966
9013838,STATEN ISLAND EXPRESSWAY,FAHY AVENUE,GOETHALS ROAD NORTH,71605
9013840,STATEN ISLAND EXPRESSWAY,FAHY AVENUE,GOETHALS ROAD NORTH,75824
9013866,BELT PARKWAY,181 STREET,182 STREET,78913
9013874,BELT PARKWAY,181 STREET,182 STREET,87053
9014414,NEREID AVENUE,BULLARD AVENUE,BODY OF WATER,13743
9014542,BRONX RIVER PARKWAY,236 STREET,237 STREET,44645
9014546,BRONX RIVER PARKWAY,236 STREET,237 STREET,44131
9014611,East Fordham Road,Southern Boulevard,Bronx River Parkway,32912
9014615,East Fordham Road,Southern Boulevard,Bronx River Parkway,34410
9014764,FDR Drive,East 10 Street Pedestrian Overpass,East 13th Street,62538
9017020,5 Avenue,101 Street,Gustave L Levy Place,19014
9017037,Queens Boulevard,82 Avenue,80 Road,13595
9017039,Queens Boulevard,82 Avenue,80 Road,16731
